,0,1,2,3,4,5,6,7,8,9,10,11,12,13,14,15,16,17,18,19,20,21,22,23,24,25,26,27,28,29,30,31,32,33,34,35,36,37,38,39,40,41,42,43,44,45,46,47,48,49,50,51,52,53,54,55,56,57,58,59,60,61,62,63,64,65,66,67,68,69,70,71,72,73,74,75,76,77,78,79,80,81,82,83,84,85,86,87,88,89,90,91,92,93,94,95,96,97,98,99,100,101,102,103,104,105,106,107,108,109,110,111,112,113,114,115,116,117,118,119,120,121,122,123,124,125,126,127,128,129,130,131,132,133,134,135,136,137,138,139,140,141,142,143,144,145,146,147,148,149,150,151,152,153,154,155,156,157,158,159,160,161,162,163,164,165,166,167,168,169,170,171,172,173,174,175,176,177,178,179,180,181,182,183,184,185,186,187,188,189,190,191,192,193,194,195,196,197,198,199,200,201,202,203,204,205,206,207,208,209,feature_weight_sum
cefotaxime,,,0.051033589988946915,0.15715445578098297,0.0,0.0,0.0,0.009811160154640675,0.0,0.007448215037584305,0.0,0.0,0.035470761358737946,0.006756545975804329,,,0.0519268736243248,0.13618697226047516,0.0,0.0,0.0,0.02789555862545967,0.0040207174606621265,0.011737652122974396,0.0,0.0,0.06800487637519836,0.0055017960257828236,,,0.057763393968343735,0.17700578272342682,0.0,0.0,0.0,0.045843202620744705,0.00019376410637050867,0.00010730726353358477,0.0,0.0,0.033477410674095154,0.005802036263048649,,,0.04221419245004654,0.14135432243347168,0.014713283628225327,0.0,0.0,0.022955911234021187,0.0,0.001154127879999578,0.0,0.0,0.04483496770262718,0.009539240039885044,,,0.04486100375652313,0.1609596312046051,0.026024144142866135,0.0,0.0,0.009484942071139812,0.0029952621553093195,0.0,0.0,0.0,0.0496370904147625,0.003674011444672942,,,0.048197466880083084,0.14527927339076996,0.020822865888476372,0.0,0.0,0.015775004401803017,0.005650790873914957,0.0,0.0,0.0,0.027899062260985374,0.004791722167283297,,,0.03929106518626213,0.16992482542991638,0.01625129207968712,0.0,0.0,0.015379232354462147,0.00024870087509043515,0.0,0.0,0.0,0.06377258151769638,0.007186596281826496,,,0.04106878489255905,0.14915771782398224,0.022255798801779747,0.0,0.0,0.041589461266994476,0.0,0.0,0.0,0.0,0.059928711503744125,0.0,,,0.058078307658433914,0.12726491689682007,0.005695211235433817,0.0,0.0,0.03456585109233856,0.0020257967989891768,0.0011033298214897513,0.0,0.0,0.039599403738975525,0.013359135016798973,,,0.04792514815926552,0.14749927818775177,0.01990702748298645,0.0,0.00029717953293584287,0.07988493889570236,0.008032890036702156,0.0019671914633363485,0.001623752759769559,0.0,0.030862517654895782,0.0029686163179576397,,,0.05576538294553757,0.16247941553592682,0.01578807272017002,0.0031435019336640835,0.0,0.012097036466002464,0.005352198611944914,0.005726445931941271,0.0,0.0,0.06516416370868683,0.007732994854450226,,,0.050321295857429504,0.1550997644662857,0.01335224136710167,0.0,0.0,0.030508877709507942,0.0,0.0030335162300616503,0.0,0.0,0.07383684068918228,0.008069034665822983,,,0.04520860314369202,0.16733761131763458,0.0,0.0,0.0012699745129793882,0.017725251615047455,0.019878506660461426,0.0,0.0,0.0,0.02373345196247101,0.004417862743139267,,,0.04888926446437836,0.14304861426353455,0.023682964965701103,0.0,0.0,0.014162085950374603,0.00120864761993289,0.0,0.0,0.0,0.038766734302043915,0.0,,,0.04984429478645325,0.15483947098255157,0.02383906953036785,0.0,0.0,0.009413069114089012,0.01750878617167473,0.010251921601593494,0.0,0.0,0.05842618644237518,0.00782521441578865,4.533424019857193
PLF_561_00017967,0.034347571432590485,0.0,0.00315380422398448,0.0,0.0008972953073680401,0.026097668334841728,0.00841852743178606,0.15206538140773773,0.0,0.0,0.0,0.0,0.0,0.00014991365605965257,0.03091980330646038,0.0,0.00011475482460809872,0.007952081970870495,0.0,0.0,0.0059065259993076324,0.25573569536209106,0.0,0.0,0.0,0.0,0.0,0.0,0.033335693180561066,0.0,0.006285997107625008,0.016669990494847298,0.005114048253744841,0.005553157534450293,0.0011772344587370753,0.09890852868556976,0.0,0.0011175245745107532,0.0,0.0,0.0,0.0,0.041306622326374054,0.0,0.006465517915785313,0.0,0.0,0.0016261473065242171,0.0035065251868218184,0.1585761308670044,0.0,0.0,0.0,0.0,0.0,0.0033083294983953238,0.01774614118039608,0.0007802924956195056,0.004324986599385738,0.0,0.0,0.0062024593353271484,0.00197780248709023,0.2348174899816513,0.0,0.0,0.0,0.0,0.0,0.0,0.038758110255002975,0.0,0.009670303203165531,0.0,0.001420149696059525,0.016146685928106308,0.004795789252966642,0.1681242436170578,0.0,0.004615248646587133,0.0,0.0,0.0,0.0,0.03202399984002113,0.0,0.005775871220976114,0.010790645144879818,0.0,0.001350613310933113,0.00783221609890461,0.1586044877767563,0.0,0.0,0.0,0.0,0.0,0.0,0.02486826293170452,0.0,0.0,0.004585222341120243,0.0,0.003092348575592041,0.0003011033986695111,0.13690979778766632,0.0006588808028027415,0.0,0.0,0.0,0.0,0.00011391776206437498,0.0276628565043211,0.0,0.003995715640485287,0.0011259934399276972,0.022864684462547302,0.0,0.0,0.03600616753101349,0.0,0.0,0.0,0.0,0.0,0.0,0.025969771668314934,0.0007883460493758321,0.0028024250641465187,0.0,0.0,0.003935010638087988,0.013663101010024548,0.022805532440543175,0.0,0.0,0.0,0.0,0.0,0.0,0.019028790295124054,0.0,0.0027577909640967846,0.0,0.0,0.003837939817458391,0.007139086723327637,0.17563675343990326,0.0,0.0,0.0,0.0,0.0,0.0,0.04178910702466965,7.370643288595602e-05,0.0048913536593317986,0.0,0.0,0.0,0.007161034271121025,0.20091508328914642,0.0,0.0,0.0,0.0,0.0,0.0,0.039123810827732086,0.0,0.0010953465243801475,0.0,0.0,0.0005655376589857042,0.0,0.2937238812446594,0.0,0.0,0.0,0.0,0.0,0.0,0.04161340743303299,0.0,0.0,0.0037911648396402597,0.013609860092401505,0.0013531575677916408,0.0,0.1891215294599533,0.0,0.0,0.0,0.0,0.0,0.0,0.024467453360557556,0.0,0.00476826960220933,0.01184430718421936,0.0,0.0,0.00449256831780076,0.11300157010555267,0.0006209577550180256,0.0,0.0,0.0,0.0,0.0,3.1730406126589514
PLF_561_00175318,0.006544705014675856,0.014224445447325706,0.0,0.0,0.0,0.18821974098682404,0.00207178364507854,0.0011308667017146945,0.0,0.0,0.0,0.0,0.0,0.0,0.0,0.0,0.0,0.0,0.0,0.13736525177955627,0.0,0.0,0.0,0.0003862805606331676,0.0,0.0,0.0,0.0,0.0,0.0,0.0,0.0,0.0,0.0,0.16137278079986572,0.0,0.0,0.0,0.0,0.0,0.0,0.0028687415178865194,0.0,0.012236060574650764,0.0,0.0,0.0,0.31663399934768677,0.0,0.0,0.0,0.0,0.0,0.0,0.0,0.0,0.0,0.0013533466262742877,0.0005240833852440119,0.0,0.0010186453582718968,0.000640709069557488,0.1462056040763855,0.0,0.0,0.0,0.0,0.0,0.0,0.0,0.0,0.0,0.0003417783591430634,0.0,0.0,0.21830321848392487,0.0,0.0,0.0,0.0010952269658446312,0.0,0.0,0.0,0.0,0.0,0.0,0.0012616029707714915,0.0,0.0002903749991673976,0.18504256010055542,0.0,0.0,0.0,0.006769106723368168,0.0,0.0,0.0,0.0,0.0,7.384218770312145e-05,0.0,0.0,0.0,0.15093405544757843,0.0,0.0,0.0,0.0,0.0,0.0,0.0,0.0,0.0,0.0,0.0,0.0,0.0,0.17224498093128204,0.0,0.0,0.0,0.0,0.0,0.0,0.0,0.0,0.0,0.0,0.0,0.0,0.0003068801015615463,0.0,0.1723700612783432,0.0,0.0,0.0,0.0,0.0,0.0,0.0,0.0,0.0,0.0,0.0,0.0,0.1881953477859497,0.0,0.0,0.0,0.0,0.0,0.0,0.0,0.0,0.0,0.0,0.0,0.0,0.0,0.15671469271183014,0.0,0.003168536117300391,0.0,0.0035457827616482973,0.0,0.0,0.0,0.0,0.0,0.00047827253001742065,0.0,0.0,0.0,0.0,0.1862781047821045,0.0,0.0,0.0017769352998584509,0.0,0.0,0.0,0.005098908208310604,0.0,0.0,0.0,0.0,0.00384390982799232,0.0,0.21241818368434906,0.0,0.004645013250410557,0.0,0.0,0.0,0.0,0.004013005644083023,0.0,0.0027319935616105795,0.0,0.0,0.0,0.2110358476638794,0.0006583597860299051,0.0,0.0,0.0039032232016324997,0.0,0.0,0.0,0.0,2.8903368502578815
aztreonam,,0.09514867514371872,0.0,0.0024900217540562153,0.026808230206370354,0.0,0.0,0.00041855816380120814,0.0015669056447222829,0.0,0.0,0.0,0.0,0.0,,0.13842691481113434,0.0022336666006594896,0.004629961680620909,0.00907596480101347,0.0005416532512754202,0.0207661222666502,0.0,0.0,0.0,0.0,0.0,0.0,0.0,,0.09481112658977509,0.00487671559676528,0.0036043052095919847,0.01896054297685623,0.0153153445571661,0.0006429578643292189,9.20502861845307e-05,0.0,0.000841476779896766,0.0,0.0,0.0,0.0,,0.07758554071187973,0.0,0.0022379527799785137,0.026843545958399773,0.0035721040330827236,0.0016074543818831444,0.0003181780339218676,0.0,0.00011578804696910083,0.0,0.0,0.0,0.0,,0.09539704024791718,0.0,0.004686651285737753,0.026029415428638458,0.012554778717458248,0.009313506074249744,0.0009262764360755682,0.00014018251386005431,0.0002680499746929854,0.0,0.0,0.0,0.0,,0.10657957196235657,0.0014004571130499244,0.004077755846083164,0.002255100989714265,0.004392695613205433,0.04354342445731163,0.0002210094826295972,0.0,0.0,0.0,0.0,0.0,0.0,,0.0904679149389267,0.005148773547261953,0.004729950334876776,0.03788921609520912,0.0010208477033302188,0.1061200350522995,0.000215641048271209,0.004533583298325539,0.0013360119191929698,0.0,0.0,0.0,0.0,,0.09301610291004181,0.0,0.001901886542327702,0.018485574051737785,0.010717242024838924,0.003656631102785468,0.0005916423979215324,0.0,0.0006587815005332232,0.0,0.0,0.0,0.0,,0.05028226226568222,0.005331817083060741,0.0035776991862803698,0.03376634046435356,0.0,0.010043595917522907,0.0,0.003131324891000986,0.0008463718695566058,0.0,0.0,0.0,0.0,,0.08563375473022461,0.0,0.00782534945756197,0.03615496680140495,0.0,0.0,0.00028929219115525484,0.00034902311745099723,0.0,0.0,0.0,0.0,0.0,,0.07561026513576508,0.0,0.006464309990406036,0.024267271161079407,0.0009339964599348605,0.02883669175207615,0.00034801996662281454,0.0,0.0,0.0,0.0,0.0,0.0,,0.09857381880283356,0.0,0.005895502399653196,0.012967318296432495,0.006039539817720652,0.0,0.0,0.0,0.0,0.0,0.0,0.0,0.0,,0.12369509041309357,0.0,0.0014239924494177103,0.02606968954205513,0.045600369572639465,0.0,0.00017825764371082187,0.0,0.0005711643025279045,0.0,0.0,0.0,0.0,,0.09073709696531296,0.0008145708707161248,0.001264698919840157,0.009861252270638943,0.007669215090572834,0.0008422306273132563,0.003155206795781851,0.0,0.0,0.0,0.0,0.0,0.0,,0.10991527140140533,0.0,0.002924613654613495,0.014523149468004704,0.0002634079137351364,0.0017925832653418183,0.0012336299987509847,0.00019311717187520117,9.204854723066092e-05,0.0,0.0,0.0,0.0,2.185796697383921
ceftazidime,,,,,0.08531766384840012,0.005666020326316357,0.07842977344989777,0.000770981190726161,0.011602740734815598,0.0016434084391221404,0.0,0.0,0.002596378792077303,0.0,,,,,0.05755782127380371,0.002792391460388899,0.073339082300663,0.00043367024045437574,0.004808590281754732,0.008961761370301247,0.0,0.0,0.002905969275161624,0.0,,,,,0.04874719679355621,0.06403467059135437,0.0,0.0002466810983605683,0.011883441358804703,0.0016325159231200814,0.0,0.0,0.0,0.0,,,,,0.04914573207497597,0.0007745351758785546,0.050996117293834686,0.00032957899384200573,0.004188533406704664,0.008547640405595303,0.0,0.0,0.0,0.0,,,,,0.06208054721355438,0.07057967782020569,0.0,0.0054065459407866,0.004745005629956722,0.005564551800489426,0.0,0.0,0.0,0.0,,,,,0.04804505407810211,0.002754967426881194,0.06958860903978348,0.0003710880409926176,0.0036773066967725754,0.007343261502683163,0.0,0.0,0.0,0.0,,,,,0.056211404502391815,0.0,0.05453275144100189,0.004132383968681097,0.012099973857402802,0.0053634317591786385,0.0,0.0,0.0,0.0,,,,,0.05637308210134506,0.002133810194209218,0.0642031878232956,0.00027021041023544967,0.009865652769804,0.0023805228993296623,0.0,0.0,0.017121758311986923,0.0,,,,,0.04021574929356575,0.0037033874541521072,0.07152111828327179,0.00017046841094270349,0.017588675022125244,0.0047165448777377605,0.0,0.0,0.00915568694472313,0.0,,,,,0.0421673022210598,0.07547780871391296,0.0030491426587104797,0.0006182783981785178,0.006254003848880529,0.005829873960465193,0.0,0.0017018672078847885,0.0,0.0,,,,,0.05330214649438858,0.0008647952345199883,0.06472070515155792,0.00311480276286602,0.008173216134309769,0.002927283989265561,0.0,0.0,0.006546033546328545,0.0,,,,,0.0690457820892334,0.004984135739505291,0.07163938134908676,0.0,0.0013096759794279933,0.003237856552004814,0.0,0.0,0.0,0.0,,,,,0.04521382600069046,0.07074964046478271,0.0008560649584978819,0.00011631151573965326,0.008988025598227978,0.006009491626173258,0.0,0.005886543542146683,0.0,0.0,,,,,0.05684420093894005,0.06602812558412552,0.00035171344643458724,0.0046082185581326485,0.002892189659178257,0.009220951236784458,0.0,0.0,0.0,0.0,,,,,0.06343148648738861,0.0007325069746002555,0.06746160238981247,0.015357542783021927,0.017652403563261032,0.0006072584073990583,0.0,0.0006671014707535505,0.0,0.0,2.1579086088531767
PLF_561_00004782,0.0005652849795296788,0.0,0.00018592181731946766,0.001373071107082069,0.0008403368992730975,0.0013361499877646565,0.0,0.0001287925406359136,0.0016804998740553856,0.001844288781285286,0.0003739246749319136,0.0013963961973786354,0.09610185027122498,0.01007439848035574,0.0011781009379774332,0.0,0.0001952770253410563,0.0,0.0,0.0007139357039704919,0.0,0.00023842128575779498,0.00044331682147458196,0.0022490129340440035,0.004513724707067013,0.004972967319190502,0.10020726174116135,0.007037583738565445,0.00020947173470631242,0.00013389898231253028,0.0015907726483419538,0.0007113079191185534,0.0002610530355013907,0.0,0.0,0.00016564458201173693,0.0021638537291437387,0.0021647291723638773,0.0008761374047026038,0.019466331228613853,0.1357700228691101,0.0061994437128305435,0.0006554300780408084,0.0001373172999592498,0.00011832141171908006,0.0,0.001151283155195415,0.0006745499558746815,0.00014691265823785216,0.0002765642711892724,0.0027392245829105377,0.0015722702955827117,0.0,0.0,0.09184496104717255,0.007181521039456129,0.00016966325347311795,0.0,0.0005095242522656918,0.00026381664793007076,0.003965625539422035,0.0,0.002524805022403598,0.0,0.002601723186671734,0.002197480294853449,0.0001872443244792521,0.0009864899329841137,0.12050994485616684,0.006533249747008085,0.000351155293174088,0.0,0.00041068694554269314,0.0,0.003561123041436076,0.0012730956077575684,0.0,0.00019137475464958698,0.0014609376667067409,0.0021527004428207874,0.0022358205169439316,0.0,0.15978188812732697,0.009707923047244549,0.0022550667636096478,0.0,0.0015389113686978817,0.0,0.0,0.0021363161504268646,0.00038918928476050496,0.00020139355910941958,0.0016262585995718837,0.0012542072217911482,0.001407262752763927,0.001282470184378326,0.09725308418273926,0.007462465204298496,0.0015487344935536385,0.0,0.00041005798266269267,0.0,0.002789525082334876,0.0,0.0,0.00033572077518329024,0.0018857376417145133,0.001939081004820764,0.0,0.0003332274209242314,0.11946523189544678,0.010543297044932842,0.00037403684109449387,0.0,0.0,0.002244424307718873,0.0007286114851012826,0.0005895955255255103,0.0,0.00046983419451862574,0.0011538997059687972,0.0019790236838161945,0.000324849272146821,0.001941887428984046,0.13197246193885803,0.0060317846946418285,0.0011804060777649283,0.0,7.164249836932868e-05,0.0,0.001308337552472949,0.001148063107393682,0.0015811454504728317,5.67399911233224e-05,0.002609077375382185,0.0010698252590373158,0.0013224008725956082,0.0004875840386375785,0.06683636456727982,0.006908307783305645,0.00026079165400005877,0.0,0.0002560113789513707,0.0,0.0,0.0010429035173729062,0.0,0.0009617836331017315,0.001857717172242701,0.0019935581367462873,0.0003826160973403603,0.0,0.11020715534687042,0.0052226209081709385,0.0006377837271429598,0.00011605372128542513,0.0,0.003468938870355487,0.0006744611891917884,0.0007336275884881616,0.0,0.0007178643718361855,0.002312531229108572,0.00175144721288234,0.0011205183109268546,0.0008834258769638836,0.1376684457063675,0.006204681470990181,0.000759654154535383,0.0,0.002138992538675666,0.0007898489129729569,0.0025061490014195442,0.0019118834752589464,0.0006211908766999841,0.00012256162881385535,0.0017691052053123713,0.0025032858829945326,0.0,0.0,0.12221386283636093,0.005252528004348278,0.0007863937644287944,0.0016806523781269789,0.0003965100913774222,0.00019028701353818178,0.00018573555280454457,0.0,0.0012395452940836549,0.0001713589153951034,0.0010556323686614633,0.0016145030967891216,0.0017160213319584727,0.0033706293907016516,0.08111424744129181,0.010273179970681667,0.00019090813293587416,0.0,0.0002847215218935162,0.0,0.0,0.0008487194427289069,0.0,0.0006904073525220156,0.0029663287568837404,0.0017166131874546409,0.0,0.003938659094274044,0.12033998966217041,0.009767218492925167,1.9874876172980294
PLF_561_00005659,0.0,0.0002307606628164649,0.0001409759424859658,0.0018437085673213005,0.0,0.0,0.00042190297972410917,0.00034209672594442964,0.0008956007077358663,0.0006420129793696105,0.07245225459337234,0.058385320007801056,0.0,0.004094176460057497,0.003293483518064022,0.000527096854057163,0.00013764452887699008,0.0008149046916514635,0.0,0.0002021563268499449,0.0,0.00020878255600109696,0.0013894588919356465,0.0022737623658031225,0.10249235481023788,0.0018345515709370375,0.0008634997648186982,0.0015389578184112906,0.0005289886030368507,0.001584688201546669,0.00018249647109769285,0.0005519003607332706,0.0,0.00032537331571802497,0.0,3.249596193199977e-05,0.008697137236595154,0.00036523945163935423,0.10382045805454254,0.0,0.0,0.00033750059083104134,0.0,6.386172753991559e-05,0.0003222900559194386,0.00029125018045306206,0.0,0.0,0.0010327656054869294,0.00025019352324306965,0.0,0.00041235313983634114,0.09037545323371887,0.006882969755679369,0.0,0.000881747342646122,9.491592209087685e-05,0.00019050147966481745,0.0005672851111739874,0.00021858615218661726,0.0,0.0,0.0,0.0001864450896391645,0.00030650600092485547,0.001188663998618722,0.10100030153989792,0.0008497136877849698,0.0001894263259600848,0.0011428804136812687,0.0,0.00015617211465723813,0.0004904204979538918,0.000251039513386786,0.0,0.0,0.0,0.00016552371380385011,0.0005842459504492581,0.0005671571125276387,0.1044871062040329,0.023775897920131683,0.0,0.00012095493730157614,0.0,0.00013739192218054086,0.0004854755534324795,0.00031631349702365696,0.0,0.0,0.0,0.00043678341899067163,0.00017674035916570574,0.0006664295215159655,0.08818615972995758,0.0005303280195221305,0.0001505242835264653,0.000569339725188911,0.0002636826829984784,0.00020113817299716175,0.00013530859723687172,0.0006623341469094157,0.008973891846835613,0.0,0.0,6.905759801156819e-05,4.122575046494603e-05,0.0005400826339609921,0.08265171945095062,0.018994400277733803,0.00023494531342294067,0.0007982460083439946,0.0001839636970544234,0.00015990849351510406,0.00015670160064473748,0.0,0.0,0.002273689489811659,0.0003090649261139333,0.00020275484712328762,0.004938912577927113,0.0007870140252634883,0.06410925835371017,0.02831786870956421,0.0,0.00032757711596786976,0.0,0.0004967785789631307,0.0001914850145112723,0.0028267893940210342,0.00015370218898169696,0.0,0.0,0.0009019271819852293,0.0,0.0007341684540733695,0.11348304897546768,0.030890105292201042,0.0,0.0002944480220321566,0.00012822620919905603,0.0004718948621302843,0.0001967809075722471,0.0,0.0017107370076701045,0.0,0.0007122067618183792,0.00012051620433339849,0.0011560284765437245,0.0020509164314717054,0.1036345586180687,0.03721752390265465,0.0,0.0016043172217905521,0.0,0.0011363119119778275,0.00013693259097635746,0.0013112527085468173,0.0,0.002383491722866893,0.0001779021549737081,0.0001889820268843323,0.0,0.0010257536778226495,0.09378748387098312,0.0014781667850911617,0.0002631930401548743,0.0,0.0,0.0005557470140047371,0.00011007967259502038,0.0009411080973222852,0.0006417130352929235,0.0,0.0013049946865066886,0.00029553999775089324,0.002861424582079053,0.0011138113914057612,0.09047906845808029,0.04060867428779602,0.0,0.0011329196859151125,0.0005124059389345348,0.000237597429077141,0.0005810076836496592,0.0,0.0,0.0,0.0,0.00022158457431942225,0.0024255483876913786,0.0011018995428457856,0.12986741960048676,0.049258776009082794,0.0,0.0,0.00042569026118144393,0.00016787089407444,7.339218427659944e-05,0.0,0.0,0.0,0.00021173099230509251,2.1434027075883932e-05,5.8202673244522884e-05,0.0013730101054534316,0.08762726187705994,0.05079251155257225,0.0,0.0047482592053711414,1.8861029162126215
cefuroxime,,,,0.005843580234795809,0.0,0.0054524727165699005,0.01986115239560604,0.004008897114545107,0.0,0.005646724719554186,0.0,0.0,0.07226815074682236,0.002700391924008727,,,,0.0035006790421903133,0.02782394550740719,0.01739051192998886,0.010389022529125214,0.0032273237593472004,0.0,0.0027782642282545567,0.0,0.0,0.04191914573311806,0.0023426224943250418,,,,0.006669965106993914,0.0,0.017057670280337334,0.012208770029246807,0.002764040371403098,0.0,0.004194125533103943,0.007924319244921207,0.0,0.09309254586696625,0.0013099241768941283,,,,0.0017211528029292822,0.0,0.006513617467135191,0.009904908947646618,0.003041953081265092,0.0,0.0028466826770454645,0.0,0.0,0.0642123743891716,0.0025528836995363235,,,,0.004878831561654806,0.0,0.022148646414279938,0.01135854609310627,0.002429706510156393,0.0048194220289587975,0.0,0.007577640004456043,0.0,0.10430479794740677,0.003110617632046342,,,,0.0022606756538152695,0.0,0.0,0.016551680862903595,0.003752658609300852,0.0,0.0024613807909190655,0.004328797105699778,0.0,0.12992799282073975,0.0,,,,0.0018218621844425797,0.0,0.02752176858484745,0.025358960032463074,0.0032854387536644936,0.003498633159324527,0.004857257008552551,0.007615142501890659,0.0,0.05690637603402138,0.002507362049072981,,,,0.004615128040313721,0.0,0.01020248606801033,0.007695321459323168,0.0014681037282571197,0.0,0.004621528554707766,0.0,0.0,0.06844674050807953,0.0,,,,0.007887979969382286,0.0,0.008176651783287525,0.01501553412526846,0.003245381638407707,0.003637636313214898,0.005003756377846003,0.0131648825481534,0.0,0.09544774144887924,0.00270531652495265,,,,0.0019720089621841908,0.0,0.024776887148618698,0.0014164660824462771,0.0003318931849207729,0.0,0.005061074625700712,0.008734680712223053,0.0,0.05100341886281967,0.0003468999930191785,,,,0.0,0.0,0.004826923366636038,0.0,0.004393941257148981,0.0,0.004411716479808092,0.0014721027109771967,0.0,0.07499720901250839,0.0019251492340117693,,,,0.007002780679613352,0.020778581500053406,0.010071903467178345,0.03863256797194481,0.0027357640210539103,0.0,0.005235480144619942,0.0,0.0,0.0604187548160553,0.0006629130803048611,,,,0.004590979311615229,0.0,0.005845086649060249,0.011922934092581272,0.0007585178827866912,0.0,0.002766790334135294,0.0035043165553361177,0.0,0.089850053191185,0.001801387988962233,,,,0.0033474192023277283,0.0,0.008202280849218369,0.014492882415652275,0.00034941645571962,0.004283422138541937,0.0012734932824969292,0.01612248830497265,0.0,0.06577587872743607,0.005347473546862602,,,,0.0015745788114145398,0.0,0.005692528560757637,0.03349415957927704,0.0009411621722392738,0.0,0.008059966377913952,0.001162613625638187,0.0,0.07132100313901901,0.0001720418658806011,1.8596481945569394
PLF_561_00193238,0.1393275111913681,0.0,0.0,0.0,0.0,0.0,0.005648364778608084,0.01465115137398243,0.0,0.0,0.0,0.0,0.0691896304488182,0.0,0.10665038973093033,0.0,0.0,0.0,0.004106566775590181,0.0001726817718008533,0.010984149761497974,0.007409284356981516,0.0,0.0,0.0,0.0,0.017312152311205864,0.0,0.0,0.005732337012887001,0.0,0.0,0.0038433761801570654,0.008115394972264767,0.0,0.024176158010959625,0.0,0.0019076867029070854,0.0,0.0,0.019798804074525833,0.0,0.08861171454191208,0.0,0.0,0.0,0.0,0.0,0.00690150773152709,0.012955554760992527,0.0,0.0,0.0,0.0,0.008955903351306915,0.0,0.0,0.008372155018150806,0.0,0.0,0.0027504079043865204,0.0,0.0,0.01205986738204956,0.0,0.0,0.0,0.04570502042770386,0.0,0.0,0.045562148094177246,0.00013876191223971546,0.0,0.0,0.002087747910991311,0.0,0.00681173475459218,0.004660955164581537,0.0,0.0,0.0,0.02282429113984108,0.014045807532966137,0.0,0.0913703441619873,0.0,0.0,0.004299248568713665,0.0,0.0,0.0,0.016026685014367104,0.00635865330696106,0.0,0.0,0.0,0.08410565555095673,0.0,0.0,0.00012490368681028485,0.0,0.0,0.0,0.0,0.011532890610396862,0.0,0.0,0.0,0.0,0.0,0.0,0.0,0.07917313277721405,0.024257607758045197,0.0,0.0,0.0,0.0,0.0061173285357654095,0.0041106813587248325,0.0,0.0,0.0,0.0,0.003667500102892518,0.0,0.13915586471557617,0.0,0.0,0.0,0.0,0.009897477924823761,0.0,0.00491240993142128,0.0,0.0,0.0,0.0,0.007341212127357721,0.0,0.1172763779759407,0.0072456537745893,0.0,0.0,0.0,0.00014290169929154217,0.0,0.01766929402947426,0.0,0.0,0.0,0.010616767220199108,0.04341639205813408,0.0,0.0,0.0,0.0,0.0,0.0,0.0,0.004468308296054602,0.009413663297891617,0.0,0.0,0.0,0.0,0.04522868990898132,0.0,0.11150725930929184,0.0018292316235601902,0.0,0.0,0.0,0.0,0.0,0.010198435746133327,0.0,0.0,0.0,0.0,0.0,0.0,0.0,0.015643049031496048,0.0,0.0,0.0,0.010223159566521645,0.0,0.009787190705537796,0.0,0.0,0.0,0.019281845539808273,0.0526440255343914,0.0,0.10385619848966599,0.0,0.0,0.0,0.0,0.00033681164495646954,0.006628579925745726,0.0,0.0,0.0,0.0,0.018559029325842857,0.009528406895697117,0.0,1.8394220848131226
trimethoprim,,,,,,,,,,,,0.10638534277677536,0.012863324023783207,0.005477882456034422,,,,,,,,,,,,0.09911549836397171,0.004260066896677017,0.0008049076423048973,,,,,,,,,,,,0.07476998120546341,0.02709861658513546,0.0005961658316664398,,,,,,,,,,,,0.11794005334377289,0.04399785026907921,0.0,,,,,,,,,,,,0.12924520671367645,0.01776045188307762,0.0,,,,,,,,,,,,0.17776522040367126,0.006343108601868153,0.0005507980822585523,,,,,,,,,,,,0.08047305047512054,0.03324224427342415,0.0006214670138433576,,,,,,,,,,,,0.13618971407413483,0.035422492772340775,0.009738318622112274,,,,,,,,,,,,0.07133874297142029,0.005985193885862827,0.0016785021871328354,,,,,,,,,,,,0.0879635289311409,0.028733443468809128,0.0,,,,,,,,,,,,0.05726589635014534,0.015517707914113998,0.0,,,,,,,,,,,,0.09073132276535034,0.0,0.0,,,,,,,,,,,,0.06174113228917122,0.01042791549116373,0.00047808533417992294,,,,,,,,,,,,0.08860425651073456,0.03252781555056572,0.0,,,,,,,,,,,,0.08730363845825195,0.011508751660585403,0.007861337624490261,1.7803290337033104
PLF_561_00007970,0.12504789233207703,0.008741294965147972,0.0,0.0001538273791084066,0.0020090872421860695,0.0008669663802720606,0.0,0.00024987157667055726,0.00023632954980712384,0.0002212968684034422,0.0,0.0,0.0,0.0,0.062274228781461716,0.039316851645708084,0.0,0.0,0.0,0.0,0.00859714113175869,0.0,0.00017396137991454452,0.00014790789282415062,0.0,0.0,0.0,0.0,0.07916472852230072,0.012963905930519104,0.001987150637432933,0.0,0.0,0.0,0.0,0.0001072943487088196,0.000771825376432389,0.00020140917331445962,0.0,0.0,0.0,0.0,0.10342391580343246,0.02577890083193779,0.0,0.000143892815685831,0.0006804313743487,0.0,0.0,5.5209155107149854e-05,0.0002041661209659651,0.0004909139825031161,0.0,0.0,0.0,0.0,0.084538035094738,0.008381668478250504,0.0,0.008591042831540108,0.0003408321354072541,0.001886760932393372,0.0,0.0,0.00020079714886378497,0.0,0.0,0.0,0.0,0.0,0.13110046088695526,0.02089027874171734,0.0,0.000909749767743051,0.0,0.0,0.0,0.000597067759372294,0.001961661037057638,0.0015370540786534548,0.0,0.0,0.0,0.0,0.05893879011273384,0.008030492812395096,0.0,0.0,0.0003830555360764265,0.0,0.0004016458988189697,0.0,0.0,5.413501276052557e-05,0.0,0.0002976064570248127,0.012334094382822514,0.0,0.1685783416032791,0.013608766719698906,0.0,0.0005036154179833829,0.00045201703323982656,0.0,0.013946682214736938,0.0,0.0,0.0011652280809357762,0.0,0.0,0.0,0.0,0.06519430130720139,0.05029521882534027,0.0,0.0006020236760377884,0.0,0.0,0.010882847011089325,0.0,0.006472812965512276,0.0002546320320107043,0.0,0.0,0.0,0.0,0.07299014180898666,0.016131961718201637,0.0,0.0,0.0,0.0,0.0,0.0,0.00023561854322906584,4.561213427223265e-05,0.0,0.0,0.0,0.0,0.07165181636810303,0.026273738592863083,0.0,0.0,0.0004669309128075838,0.0,0.0007255930104292929,7.88020042818971e-06,0.00013606261927634478,0.0005904249264858663,0.0,0.0,0.0,0.0,0.08575916290283203,0.006418025121092796,0.0,0.0008707009837962687,0.0,0.0,0.00234948075376451,0.0,0.0,0.00010266652680002153,0.0,0.0,0.0,0.0,0.07935237884521484,0.028748635202646255,0.0,0.0,0.0,0.005526612978428602,0.0,0.0,0.0,0.0016776880947872996,0.0,0.0,0.0,0.0,0.06850303709506989,0.01462563592940569,0.0,0.0,0.0026865459512919188,0.0,0.0,8.41529545141384e-05,0.00011189758515683934,0.000370523426681757,0.0,0.0,0.0,0.0,0.12091753631830215,0.009883924387395382,0.0,0.0005627992795780301,0.004503603558987379,0.0,0.0,0.0,0.0,0.0028665713034570217,0.0,0.0,0.0,0.0,1.772519477224705
PLF_561_00003538,0.0,0.1829622983932495,0.0,0.0,0.0,0.0,0.0,0.0,0.0,0.0,0.0,0.0,0.0,0.0,0.0,0.005680717062205076,0.0,0.0,0.0,0.0,0.0,0.0,0.0,0.0,0.0,0.0,0.0,0.0,0.0,0.0,0.0,0.0,0.0,0.0,0.0,0.0,0.0,0.0,0.0,0.0,0.0,0.0,0.0,0.0,0.0,0.0,0.0,0.0,0.0,0.0,0.0,0.0,0.0,0.0,0.0,0.0,0.0,0.2211071103811264,0.0,0.0,0.0,0.0,0.0,0.0,0.0,0.0,0.0,0.0,0.0,0.0,0.0,0.19961825013160706,0.0,0.0,0.0,0.0,0.0,0.0,0.0,0.0,0.0,0.0,0.0,0.0,0.0,0.155262753367424,0.0,0.0,0.0,0.0,0.0,0.0,0.0,0.0,0.0,0.0,0.0,0.0,0.0,0.24246136844158173,0.0,0.0,0.0,0.0,0.0,0.0,0.0,0.0,0.0,0.0,0.0,0.0,0.0,0.0,0.0,0.0,0.0,0.0,0.0,0.0,0.0,0.0,0.0,0.0,0.0,0.0,0.0,0.17187604308128357,0.0,0.0,0.0,0.0,0.0,0.0,0.0,0.0,0.0,0.0,0.0,0.0,0.0,0.2662261724472046,0.0,0.0,0.0,0.0,0.0,0.0,0.0,0.0,0.0,0.0,0.0,0.0,0.0,0.18774212896823883,0.0,0.0,0.0,0.0,0.0,0.0,0.0,0.0,0.0,0.0,0.0,0.0,0.0,0.0,0.0,0.0,0.0,0.0,0.0,0.0,0.0,0.0,0.0,0.0,0.0,0.0,0.0,0.0,0.0,0.0,0.0,0.0,0.0,0.0,0.0,0.0,0.0,0.0,0.0,0.0,0.0,0.0,0.0,0.0,0.0,0.0,0.0,0.0,0.0,0.0,0.0,0.0,0.0,0.0,1.6329368422739208
PLF_561_00069189,0.0,0.0,0.0,0.0,0.0,0.0963602215051651,0.0,0.0003589100087992847,0.00421766797080636,0.0,0.0,0.0,0.0,0.0,0.0,0.0,0.0,0.0,0.0,0.07661151885986328,0.0,0.0,0.008847900666296482,0.0,0.0,0.0,0.0,0.0,0.0,0.01092874351888895,0.0,0.0,0.0,0.0,0.07867708057165146,0.0006394397933036089,0.006124251522123814,0.0,0.0,0.0,0.0,0.0,0.0,0.0,0.0,0.0,0.0,0.10275296121835709,0.0,0.0008913446799851954,0.0,0.0,0.0,0.0,0.0,0.0,0.0,0.013663527555763721,0.0,0.0,0.0,0.0,0.09672420471906662,0.0,0.0,0.005368271376937628,0.0,0.0,0.0,0.0,0.0,0.0,0.0,0.0,0.0,0.09714627265930176,0.0,0.0,0.006762444972991943,0.0,0.0,0.0,0.0,0.0,0.0,0.008728154003620148,0.0,0.0,0.0,0.10202280431985855,0.0,0.0,0.008443614467978477,0.0,0.0,0.0,0.0,0.0,0.0,0.0,0.0,0.0,0.0,0.06803077459335327,0.0,0.0007212550844997168,0.0,0.0,0.0,0.0,0.0,0.0,0.0,0.01968846470117569,0.0,0.0,0.0,0.10717856138944626,0.0,0.0,0.004238599445670843,0.0,0.0,0.0,0.0,0.0,0.0,0.011902236379683018,0.0,0.0,0.01612374745309353,0.0,0.12360730767250061,0.0008381220395676792,0.005032210610806942,0.0,0.0,0.0,0.0,0.0,0.0,0.01831645332276821,0.0,0.0,0.007833103649318218,0.08742744475603104,0.0,0.0009320579702034593,0.01045246422290802,0.0,0.0,0.0,0.0,0.0,0.0,0.0,0.0,0.0,0.0,0.09069331735372543,0.0,0.0,0.0,0.0,0.0,0.0,0.0,0.0,0.0,0.0,0.0,0.0,0.0,0.0,0.0863000899553299,0.0011360530043020844,0.015354136936366558,0.0,0.0,0.0,0.0,0.0,0.0,0.0,0.0,0.0,0.0,0.0,0.09926801919937134,2.8644444682868198e-05,0.0,0.009249895811080933,0.0,0.0,0.0,0.0,0.0,0.0,0.0,0.0,0.0,0.08303038775920868,0.0,0.0005274864961393178,0.007817001082003117,0.0,0.0,0.0,0.0,0.0,1.6009971697239962
PLF_561_00009406,0.0,0.0,0.0,0.0,0.0,0.0,0.0,0.0,0.07384360581636429,0.0,0.0,0.0,0.0,0.0,0.0,0.0,0.0,0.0,0.0,0.0,0.0,0.0,0.09548179060220718,0.00011561558494577184,0.0,0.0,0.0,0.0,0.0,0.0,0.0,0.0,0.0,0.0,0.0,0.0,0.08474963903427124,0.0,0.0,0.0,0.0,0.0,0.0,0.0,0.0,0.0029963988345116377,0.0,0.0,0.0,0.0,0.07608317583799362,0.0001500245271017775,0.0,0.0,0.0,0.0,0.0,0.0,0.0,0.0,0.0,0.0,0.0,0.0,0.0,0.08538857102394104,0.0,0.0,0.0,0.0,0.0,0.0,0.0,0.0,0.0,0.0,0.0,0.0,0.0719182938337326,0.0003610901185311377,0.0,0.0,0.0,0.0,0.0,0.0,0.0,0.0,0.0,0.0,0.0,0.0,0.10201449692249298,0.0,0.0,0.0,0.0,0.0,0.0,0.0,0.0,0.0,0.0,0.0,0.0,0.0,0.07941751182079315,0.0,0.0,0.0,0.0,0.0,0.0,0.0,0.0,0.0,0.0,0.0,0.0,0.0,0.09895959496498108,0.0,0.0,0.0,0.0,0.0,0.0,0.0,0.0,0.0,0.0,0.0,0.0,0.0032261924352496862,0.07912937551736832,0.0,0.0,0.0,0.0,0.0,0.0,0.0,0.0,0.0,0.0,0.0,0.0,0.0020751329138875008,0.08350735157728195,0.0,0.0,0.0,0.0,0.0,0.0,0.0,0.0,0.0,0.0,0.0,0.0,0.0,0.10896530002355576,0.0,0.0,0.0,0.0,0.0,0.0,0.0,0.0,0.0,0.0,0.0014802273362874985,0.0,0.0,0.10968520492315292,8.012929174583405e-05,0.0,0.0,0.0,0.0,0.0,0.0,0.0,0.0,0.0,0.0,0.0,0.0,0.0,0.08839245140552521,0.0,0.0,0.0,0.0,0.0,0.0,0.0,0.0002373006718698889,0.0010865713702514768,0.0,0.0,0.0,0.10380258411169052,0.0,0.0,0.0,0.0,0.0,1.353147630499734
ampicillin,,,,,,,,,,,,,,0.07828608900308609,,,,,,,,,,,,,,0.06917476654052734,,,,,,,,,,,,,,0.06958780437707901,,,,,,,,,,,,,,0.1060839518904686,,,,,,,,,,,,,,0.1331486850976944,,,,,,,,,,,,,,0.07314419001340866,,,,,,,,,,,,,,0.12201254814863205,,,,,,,,,,,,,,0.07863379269838333,,,,,,,,,,,,,,0.07302065193653107,,,,,,,,,,,,,,0.0869993269443512,,,,,,,,,,,,,,0.11450353264808655,,,,,,,,,,,,,,0.08802393823862076,,,,,,,,,,,,,,0.08374328166246414,,,,,,,,,,,,,,0.09147955477237701,,,,,,,,,,,,,,0.08461140096187592,1.3524535149335861
PLF_561_00049890,0.010115722194314003,0.0140443230047822,0.0,0.0031755694653838873,0.0,0.0,0.033174242824316025,0.00017823843518272042,0.0,0.0,0.0,0.0,0.035702310502529144,0.0,0.015727771446108818,0.0,0.0,0.002678198739886284,0.0007284265593625605,0.0,0.027726227417588234,0.0,0.0,0.0,0.0,0.0,0.0,0.0,0.026348160579800606,0.0055329869501292706,0.0,0.006002199836075306,0.0007854150608181953,0.03521829470992088,0.0,0.0,0.0,0.0,0.0,0.0,0.0,0.0,0.03431915119290352,0.011544032022356987,0.0,0.005024375393986702,0.009358194656670094,0.0,0.03684662654995918,0.0005764533416368067,0.0007814399432390928,0.0,0.0,0.0,0.022229081019759178,0.0,0.027994537726044655,0.0035048904828727245,0.0,0.0018288030987605453,0.0,0.027963027358055115,0.0,0.0013144712429493666,0.0,0.0,0.0,0.0,0.0,0.0,0.017898643389344215,0.007621034514158964,0.0,0.003296440001577139,0.0,0.0,0.027129491791129112,0.0,0.0038733009714633226,0.0,0.0,0.0,0.08064576983451843,0.0,0.0184042826294899,0.0,0.0,0.0,0.002259379019960761,0.0,0.027779266238212585,0.00026337342569604516,0.0,0.0,0.0,0.0,0.0,0.0,0.021311255171895027,0.0016765480395406485,0.0,0.00376541493460536,0.0,0.0,0.028283024206757545,0.0,0.0,0.0,0.0,0.0,0.07313455641269684,0.0,0.027980146929621696,0.007507170084863901,0.0,0.0042694006115198135,0.0,0.0,0.03441223129630089,0.00010843909694813192,0.0,0.0,0.0,0.0,0.0,0.0,0.007266455329954624,0.01198520977050066,0.0,0.004039882682263851,0.0,0.026095839217305183,0.0,9.51234032982029e-05,0.0,0.0,0.0,0.0,0.02652735263109207,0.0,0.01803641766309738,0.0,0.0,0.002747598569840193,0.0,0.0,0.027887262403964996,0.00015431860811077058,0.0,0.0,0.0,0.0,0.0,0.0,0.00714919064193964,0.00986423809081316,0.0,0.0,0.0,0.0,0.02941407635807991,0.0,0.010065723210573196,0.0,0.0,0.0,0.0,0.0,0.014389635063707829,0.0,0.0,0.004192986059933901,0.00039447215385735035,0.026961039751768112,0.0,0.00029391725547611713,0.0,0.0,0.0,0.0,0.04423338547348976,0.0,0.029711799696087837,0.003453837940469384,0.0,0.004065968561917543,0.0,0.03659062460064888,0.0,0.0,0.0,0.000535349128767848,0.0,0.0,0.0,0.0,0.0067627630196511745,0.005072803236544132,0.0,0.005134657956659794,0.0,0.0,0.02777627669274807,0.0,0.0025818536523729563,0.0,0.0,0.0,0.0,0.0,1.185522399180627
PLF_561_00003159,0.0,0.0,0.0,0.0,0.0,0.0,0.0,0.0,0.0,0.08010244369506836,0.0,0.0,0.0,0.0,0.0,0.0,0.0,0.0,0.0,0.0,0.0,0.0,0.0,0.06468161195516586,0.0,0.0,0.0,0.0,0.0,0.0,0.0,0.0,0.0,0.0,0.0,0.0,0.0,0.06414395570755005,0.0,0.0,0.0,0.0,0.0,0.0,0.0,0.0,0.0,0.0,0.0,0.0,0.0,0.030584804713726044,0.0,0.0,0.0,0.0,0.0,0.0,0.0,0.0,0.0,0.0,0.0,0.0,0.0018647786928340793,0.0,0.0,0.0,0.0,0.0,0.0,0.0,0.0,0.0,0.0,0.0,0.0,0.0,0.0,0.11300364881753922,0.0,0.0,0.0,0.0,0.0,0.0,0.0,0.0,0.0,0.0,0.0,0.0,0.0,0.07648061960935593,0.0,0.0,0.0,0.0,0.0,0.0,0.0,0.0,0.0,0.0,0.0,0.0,0.0,0.07236979156732559,0.0,0.0,0.0,0.0,0.0,0.0,0.0,0.0,0.0,0.0,0.0,0.0,0.0,0.09156838804483414,0.0,0.0,0.0,0.0,0.0,0.0,0.0,0.0,0.0,0.0,0.0,0.005363657139241695,0.0,0.06906742602586746,0.0,0.0,0.0,0.0,0.0,0.0,0.0,0.0,0.0,0.0,0.0,0.0,0.0,0.07682998478412628,0.0,0.0,0.0,0.0,0.0,0.0,0.0,0.0,0.0,0.0,0.0,0.0,0.0,0.09148525446653366,0.0,0.0,0.0,0.0,0.0,0.0,0.0,0.0,0.0,0.0,0.0,0.0,0.0,0.0,0.0,0.0,0.0,0.0,0.0,0.0,0.0,0.0,0.0,0.0,0.0,0.0,0.016319843009114265,0.0,0.0,0.0,0.0,0.0,0.0,0.0,0.0,0.0042244610376656055,0.0,0.0,0.0,0.0,0.0,0.0688607394695282,0.0,0.0,0.0,0.0,0.9269514087354764
PLF_561_00098623,0.03701353818178177,0.0,0.0,0.0,0.0,0.0,0.0,0.0,0.0,0.009891188703477383,0.0,0.0,0.0,0.0,0.03718831017613411,0.0,0.0,0.0,0.0,0.0,0.0,0.0,0.0,0.009796078316867352,0.0,0.0,0.0,0.0,0.08566248416900635,0.0,0.0,0.0,0.0,0.0,0.0,0.0,0.0,0.007899832911789417,0.0,0.0,0.0,0.0,0.06722439080476761,0.0,0.0,0.0,0.0,0.0,0.0,0.0,0.0,0.00911051593720913,0.0,0.0,0.0,0.0,0.05817215144634247,0.0,0.0,0.0,0.0,0.0,0.0,0.0,0.010430935770273209,0.0,0.0,0.0,0.0,0.0,0.047187868505716324,0.0,0.0,0.0,0.0,0.0,0.0,0.0,0.0,0.012583148665726185,0.0,0.0,0.0,0.0,0.05714421719312668,0.0,0.0,0.0,0.0,0.0,0.0,0.0,0.0,0.011213448829948902,0.0,0.0,0.0,0.0,0.025598816573619843,0.0,0.0,0.0,0.0,0.0,0.0,0.0,0.0,0.0026965492870658636,0.0,0.0,0.0,0.0,0.055790975689888,0.0,0.0,0.0,0.0,0.0,0.005257569719105959,0.0,0.0,0.006271667778491974,0.0,0.0,0.0,0.0,0.040983714163303375,0.006961730774492025,0.0,0.0,0.0,0.005945436656475067,0.0,0.0,0.0,0.010295946151018143,0.0,0.0,0.0,0.0,0.03359868749976158,0.0,0.0,0.0,0.0,0.026557596400380135,0.0,0.0,0.0,0.014774399809539318,0.0,0.0,0.0,0.0,0.05622980743646622,0.0,0.0,0.0,0.0,0.0,0.0,0.0,0.0,0.009704796597361565,0.0,0.0,0.0,0.0,0.03254612162709236,0.0,0.0,0.0,0.0,0.0,0.0,0.0,0.0,0.009449628181755543,0.0,0.0,0.0,0.0,0.06905123591423035,0.0,0.0,0.0,0.0,0.0,0.0,0.0,0.008485131897032261,0.0,0.0,0.0,0.0,0.0,0.01261553168296814,0.0,0.0,0.0,0.0,0.01221022941172123,0.007563610095530748,0.0,0.0,0.007170483004301786,0.0,0.0,0.0,0.0,0.9202777759637684
PLF_561_00014654,0.0,0.005731734447181225,0.0,0.0029157977551221848,0.006240141578018665,0.0,0.0,0.0,0.0,0.0,0.0,0.0,0.03556746244430542,0.014191304333508015,0.006364600267261267,0.005949786398559809,0.0,0.0033468580804765224,0.0,0.0,0.0,0.0,0.0,0.001967496471479535,0.0,0.0,0.14005525410175323,0.015466595068573952,0.0,0.0035165504086762667,0.0,0.0054072909988462925,0.0,0.0,0.0,0.0,0.0,0.0012141922488808632,0.0,0.0,0.06368942558765411,0.005290268454700708,0.008321534842252731,0.00412935484200716,0.0,0.005109128076583147,0.0,0.0,0.0,0.0,0.0,0.00440348731353879,0.0,0.0,0.0,0.0015736008062958717,0.007188099902123213,0.005670756101608276,0.0,0.0038382047787308693,0.0,0.0,0.0,0.0,0.0008399501093663275,0.0,0.0,0.0,0.05303070321679115,0.010540549643337727,0.006923128850758076,0.0035524957347661257,0.0,0.005139866843819618,0.0,0.0,0.0,0.0,0.0,0.0,0.0373275987803936,0.0,0.0,0.011010800488293171,0.0,0.004336963407695293,0.0,0.002999749267473817,0.00511412788182497,0.0,0.0,0.0,0.0,0.0,0.0,0.0,0.03184589743614197,0.010179905220866203,0.0,0.00428584311157465,0.0,0.00636394415050745,0.0,0.0,0.0,0.0,0.0,0.00366387446410954,0.0,0.0,0.0,0.0005963969742879272,0.004301709588617086,0.003796826582401991,0.0,0.002564110094681382,0.0,0.0,0.0,0.0,0.0,0.0,0.0,0.0,0.03265296667814255,0.007278371136635542,0.0,0.00432994170114398,0.0,0.0028097652830183506,0.0,0.0,0.0,0.0,0.0,0.0,0.0,0.0,0.04354605823755264,0.008755036629736423,0.008053991012275219,0.0032841023057699203,0.0,0.0026230127550661564,0.0,0.0,0.0,0.0,0.0,0.0,0.0,0.0,0.0,0.0046991584822535515,0.0,0.004359463229775429,0.0,0.00406888360157609,0.0,0.0,0.0,0.0,0.0,0.004645602311939001,0.0,0.0,0.05887322872877121,0.001067784964106977,0.0,0.007042499724775553,0.0,0.0,0.0,0.0,0.0,0.0,0.0,0.003839647164568305,0.0,0.0,0.06234908476471901,0.0007853273418731987,0.006155703216791153,0.003406166797503829,0.0,0.005824689287692308,0.0,0.0,0.0,0.0,0.0,0.0,0.0,0.0,0.022243285551667213,0.01572713628411293,0.0,0.004500191658735275,0.0,0.0028409503865987062,0.0,0.0,0.0,0.0,0.0,0.003662650240585208,0.0,0.0,0.0,0.014460966922342777,0.9094490335555747
PLF_561_00009167,0.0063516125082969666,0.0,0.0,0.0,0.0,0.0,0.0,0.036293476819992065,0.0,0.0,0.0,0.015455299988389015,0.0,0.0,0.04186850041151047,0.0,0.0,0.0,0.0,0.0,0.0,0.02095014601945877,0.0,0.0,0.0,0.0,0.0,0.0,0.06155693531036377,0.0,0.0,0.0,0.0,0.0,0.0,0.006204712204635143,0.0,0.0,0.0,0.0,0.0,0.0,0.0,0.0,0.0,0.0,0.0,0.0,0.0,0.04475941136479378,0.0,0.0,0.0,0.004271223209798336,0.0,0.0,0.030693110078573227,1.4997761354607064e-05,0.0,0.0,0.0,0.0,0.0,0.038454633206129074,0.0,0.0,0.0,0.0007260836428031325,0.0,0.0,0.0,0.0,0.0,0.0,0.0,0.0,0.0,0.06189225986599922,0.0,0.0,0.0,0.0,0.0,0.0,0.03338056430220604,0.0,0.0,0.0,0.0,0.0,0.0,0.018713703379034996,0.0,0.0,0.0,0.0,0.0,0.0,0.018794720992445946,0.0,0.0,0.0,0.0,0.0,0.0,0.058971039950847626,0.0,0.0,0.0,0.0019497554749250412,0.0,0.0,0.0,0.0,0.0,0.0,0.001159343053586781,0.0,0.0,0.1116357371211052,0.0,0.0,0.0,0.004922064486891031,0.0,0.0,0.0,0.0,0.006238448433578014,0.002571958350017667,0.0,0.0,0.0,0.02678958885371685,0.0,0.0,0.0,0.0,0.0,0.0,0.0,0.0,0.0,0.0,0.0,0.0,0.0,0.02215111255645752,0.0,0.0,0.0,0.0009334564674645662,0.0,0.0,0.01865801028907299,0.0,0.0,8.221919415518641e-05,0.0,0.0,0.0,0.0321439690887928,0.0,0.0,0.0,0.0,0.0,0.0,0.0,0.0,0.0,0.0,0.0,0.0,0.0,0.03192467987537384,0.0,0.0,0.0,0.0,0.0,0.0,0.023999525234103203,0.0,0.0,0.005496444180607796,0.0,0.0,0.0,0.036069124937057495,0.0,0.0,0.0,0.0,0.0,0.0,0.024974774569272995,0.0,0.0,0.0,0.0,0.0,0.0006130788824521005,0.05166604742407799,0.0,0.0,0.0,0.0,0.0,0.0,0.9033317694893412
PLF_561_00019473,0.0,0.0,0.0001841693592723459,0.0,0.001381345558911562,0.00241010426543653,0.0,0.0020375745370984077,0.00046812774962745607,3.877665221807547e-05,0.042949143797159195,0.009240496903657913,0.0,0.0,0.00039749505231156945,0.0,0.0,0.0,0.0,0.0,0.0026506390422582626,0.00022539120982401073,0.0019494349835440516,9.907795174513012e-05,0.047003503888845444,0.002000333508476615,0.0,0.0,0.0010320539586246014,0.0,0.0,0.0004536112828645855,0.0,6.991013651713729e-05,0.0,0.0008488756138831377,0.0,0.0007409238023683429,0.04629373922944069,0.004106568638235331,0.0,0.0,0.001623373944312334,0.0,0.0010147903813049197,0.0,0.0,0.0,0.0002538416301831603,0.0001977213250938803,0.0,0.0,0.03806615248322487,0.004350434988737106,0.0,0.0,0.0004993936163373291,1.4225245195120806e-06,0.00011068263120250776,0.0,0.00048567866906523705,0.0011668208753690124,0.00024967078934423625,0.00022616457135882229,0.0043355789966881275,0.0,0.04925740510225296,0.002465847646817565,0.0,0.0,0.001304921810515225,0.0,0.0010225721634924412,0.0,0.00020661437883973122,0.004430282395333052,0.0,0.0001844021608121693,0.000554828904569149,0.002683318220078945,0.06154153496026993,0.005539929959923029,0.0,0.0,0.0008311899146065116,0.0,0.0,0.018013184890151024,0.0013536177575588226,0.0,0.0,0.00012281854287721217,0.004512130748480558,0.00015284723485819995,0.04571138694882393,0.009866715408861637,0.0,0.0,0.0,0.0,0.0,0.0,0.0007222837302833796,0.0,0.0,0.0005496218800544739,0.0,0.0021145709324628115,0.053084615617990494,0.006413028109818697,0.0,0.0,0.00022394991538021713,0.0,0.0,0.0,0.0,0.0,0.0,0.00019073946168646216,0.00034528845571912825,6.158006726764143e-05,0.04277915135025978,0.00812405813485384,0.0,0.0,0.00023859816428739578,0.0,0.0,0.0,0.0007524011889472604,0.0,0.0,6.322781700873747e-05,0.0009119330788962543,0.0004585917922668159,0.03650980070233345,0.0038096739444881678,0.0,0.0,0.000348218105500564,0.0,0.0003177609178237617,0.0,0.0018298763316124678,0.0,0.0,7.401587936328724e-05,0.00022759147395845503,0.00022174221521709114,0.046380236744880676,0.008940301835536957,0.0,0.0,0.0006229864084161818,0.0026365250814706087,0.0,0.0016254890942946076,0.0,0.0001759075530571863,0.0,0.0017772366991266608,0.0,0.00015640656056348234,0.04938335716724396,0.005943839438259602,0.0,0.0,0.0021666984539479017,0.0,0.0,0.0003491234383545816,0.0,0.00015548231021966785,0.0,0.0008801415096968412,0.0014317483874037862,0.0,0.046322088688611984,0.005629159044474363,0.0,0.0,0.0008367715054191649,0.0,0.0,0.0008539499249309301,0.002798678120598197,0.0001088214703486301,0.004077935125678778,0.00019777193665504456,0.00027607311494648457,0.0006819411064498127,0.0560416579246521,0.007414361461997032,0.0,0.0,0.0,7.996177737368271e-05,0.0,0.003916257992386818,0.0006491842214018106,0.0,0.0,6.392797513399273e-05,0.0002675523282960057,0.0,0.039282701909542084,0.006456796079874039,0.0,0.0,0.8878719653569078
PLF_561_00022754,0.0,0.0,0.0,0.0,0.0,0.0,0.0,0.0,0.0,0.0,0.0,0.0,0.0,0.0,0.0,0.0,0.0,0.0,0.0,0.0,0.0,0.0,0.0,0.0,0.11450926214456558,0.0,0.0,0.0,0.0,0.0,0.0,0.0,0.0,0.0,0.0,0.0,0.0,0.0,0.09536827355623245,0.0,0.0,0.0,0.0,0.0,0.0,0.0,0.0,0.0,0.0,0.0,0.0,0.0,0.09606277197599411,0.0,0.0,0.0,0.0,0.0,0.0,0.0,0.0,0.0,0.0,0.0,0.0012849076883867383,0.0,0.09952632337808609,0.0,0.0,0.0,0.0,0.0,0.0,0.0,0.0,0.0,0.0,0.0,0.0,0.0012639861088246107,0.09159576892852783,0.0,0.0,0.0,0.0,0.0,0.0,0.0,0.0,0.0,0.0,0.0,0.0,0.0,0.08609120547771454,0.0,0.0,0.0,0.0,0.0,0.0,0.0,0.0,0.0,0.0,0.0,0.0,0.0,0.0,0.0,0.0,0.0,0.0,0.0,0.0,0.0,0.0,0.0,0.0,0.0,0.0,0.0,0.09567254036664963,0.0,0.0,0.0,0.0,0.0,0.0,0.0,0.0,0.0,0.0,0.0,0.0,0.0,0.0,0.0,0.0,0.0050748493522405624,0.0,0.0,0.0,0.0,0.0,0.0,0.0,0.0,0.0,0.0,0.0,0.0,0.0,0.0,0.0,0.0,0.0,0.0,0.0,0.0,0.0,0.0,0.0,0.0,0.07903201878070831,0.0,0.0,0.0,0.0,0.0,0.0,0.0,0.0,0.0,0.0,0.0,0.0,0.0,0.0,0.0,0.0,0.0,0.0,0.0,0.0,0.0,0.0,0.0,0.0,0.0,0.0,0.0,0.0,0.0,0.0,0.0,0.0,0.0,0.0,0.0,0.0,0.0,0.0,0.0,0.0,0.0,0.09285358339548111,0.0,0.0,0.0,0.8583354911534116
PLF_561_00077715,0.0,0.0,0.0,0.0,0.0,0.0,0.0,0.0,0.04771687835454941,0.0,0.0,0.0,0.0,0.0,0.0,0.0,0.0,0.0,0.0,0.0,0.0,0.0,0.05032363161444664,0.0,0.0,0.0,0.0,0.0,0.0,0.0,0.0,0.0,0.0,0.0,0.0,0.0,0.054717257618904114,0.006438716780394316,0.0,0.0,0.0,0.0,0.0,0.0,0.0,0.0,0.0,0.0,0.0,0.0,0.04296601563692093,0.0036568997893482447,0.0,0.0,0.0,0.0,0.0,0.0,0.0,0.0,0.0,0.0,0.0,0.0,0.005442120134830475,0.044022075831890106,0.0,0.0,0.0,0.0,0.0,0.0,0.0,0.0,0.0,0.0,0.0,0.0,0.04549037665128708,0.0,0.0,0.0,0.0,0.0,0.0,0.0,0.0,0.0,0.0,0.0,0.0,0.0,0.04520845040678978,0.004527545068413019,0.0,0.0,0.0,0.0,0.0,0.0,0.0,0.0,0.0,0.0,0.0,0.0,0.039465874433517456,0.0,0.0,0.0,0.0,0.0,0.0,0.0,0.0,0.0,0.0,0.0,0.0,0.0,0.045073967427015305,0.0,0.0,0.0,0.0,0.0,0.0,0.0,0.0,0.0,0.0,0.0,0.0,0.0,0.04299788922071457,0.0034326903987675905,0.0,0.0,0.0,0.0,0.0,0.0,0.0,0.0,0.0,0.0,0.0,0.0,0.04042613506317139,0.0,0.0,0.0,0.0,0.0,0.0,0.0,0.0,0.0,0.0,0.0,0.0,0.0,0.04080548882484436,0.002917966805398464,0.0,0.0,0.0,0.0,0.0,0.0,0.0,0.0,0.0,0.0,0.0,0.0,0.043709125369787216,0.0,0.0,0.0,0.0,0.0,0.0,0.0,0.0,0.0,0.0,0.0,0.0,0.0,0.005276971030980349,0.042487356811761856,0.0,0.0,0.0,0.0,0.0,0.0,0.0,0.0,0.0,0.0,0.0,0.0,0.048492152243852615,0.0,0.0,0.0,0.0,0.0,0.7055955855175853
PLF_561_00071721,0.003382880473509431,0.01238369382917881,0.0,0.02222287468612194,0.0,0.0,0.0,0.0,0.0,0.0,0.0,0.0,0.0,0.0,0.011868053115904331,0.018262075260281563,0.0,0.03049158677458763,0.0,0.0,0.0,0.0,0.0,0.0,0.0,0.0,0.0,0.0,0.014249168336391449,0.012532533146440983,0.0,0.028320390731096268,0.0,0.0,0.0,0.0,0.0,0.0,0.0,0.0,0.0,0.0,0.019539091736078262,0.010920264758169651,0.0,0.02120400033891201,0.0,0.0,0.0032772787380963564,0.0,0.0,0.0,0.0,0.0,0.0,0.0,0.013768612407147884,0.0185721293091774,0.0,0.015006419271230698,0.0,0.009153814986348152,0.0,0.0,0.0,0.0,0.0,0.0,0.0,0.0,0.013559284619987011,0.016736650839447975,0.0,0.018943797796964645,0.0,0.0,0.0,0.0,0.0,0.0,0.0,0.0,0.0,0.0,0.0,0.015053058974444866,0.0,0.016165150329470634,0.0,0.0,0.0025560802314430475,0.0,0.0,0.0,0.0,0.0,0.0,0.0,0.022180240601301193,0.024820374324917793,0.0,0.016225716099143028,0.0,0.0,0.0,0.0,0.0,0.0,0.0,0.0,0.0,0.0,0.01109614409506321,0.012041558511555195,0.0,0.01764638163149357,0.0,0.0,0.0,0.0,0.0,0.0,0.0,0.0,0.0,0.0,0.005320213735103607,0.010572819039225578,0.0,0.01669236831367016,0.0,0.0,0.0,0.0,0.0,0.0,0.0,0.0,0.0,0.0,0.0,0.014237978495657444,0.0,0.017778445035219193,0.0,0.0,0.0,0.0,0.0,0.0,0.0,0.0,0.0,0.0,0.0,0.0,0.0,0.014088799245655537,0.0,0.0,0.0,0.0,0.0,0.0,0.0,0.0,0.0,0.0,0.019544072449207306,0.026327887549996376,0.0,0.014758428558707237,0.0,0.0,0.0,0.0,0.0,0.0,0.0,0.0,0.0,0.0,0.015266891568899155,0.01430686004459858,0.0,0.014061043970286846,0.001823432045057416,0.003923063166439533,0.0,0.0,0.0,0.0,0.0,0.0,0.0,0.0,0.004085094667971134,0.02029985748231411,0.0,0.031296756118535995,0.0,0.0,0.0,0.0,0.0,0.0,0.0,0.0,0.0,0.0,0.6965633174404502
PLF_561_00003208,0.0,0.07209525257349014,0.0,0.0,0.0,0.0,0.0,0.0,0.0,0.0,0.0,0.0,0.0,0.0,0.0,0.0,0.0,0.0,0.0,0.0,0.0,0.0,0.0,0.0,0.0,0.0,0.0,0.0,0.0,0.0,0.0,0.0,0.0,0.0,0.0,0.0,0.0,0.0,0.0,0.0,0.0,0.0,0.0,0.22245949506759644,0.0,0.0,0.0,0.0,0.0,0.0,0.0,0.0,0.0,0.0,0.0,0.0,0.0,0.0,0.0,0.0,0.0,0.0,0.0,0.0,0.0,0.0,0.0,0.0,0.0,0.0,0.0,0.05397477373480797,0.0,0.0,0.0,0.0,0.0,0.0,0.0,0.0,0.0,0.0,0.0,0.0,0.0,0.1304468959569931,0.0,0.0,0.0,0.0,0.0,0.0,0.0,0.0,0.0,0.0,0.0,0.0,0.0,0.0,0.0,0.0,0.0,0.0,0.0,0.0,0.0,0.0,0.0,0.0,0.0,0.0,0.0,0.0,0.0,0.0,0.0,0.0,0.0,0.0,0.0,0.0,0.0,0.0,0.0,0.0,0.0,0.003983000759035349,0.0,0.0,0.0,0.0,0.0,0.0,0.0,0.0,0.0,0.0,0.0,0.0,0.0,0.0,0.0,0.0,0.0,0.0,0.0,0.0,0.0,0.0,0.0,0.0,0.0,0.0,0.0,0.0,0.0,0.0,0.0,0.0,0.0,0.0,0.0,0.0,0.0,0.0,0.0,0.0,0.0,0.0,0.0,0.0,0.0,0.0,0.0,0.0,0.0,0.0,0.0,0.0,0.0,0.0,0.0,0.0,0.0,0.0,0.0,0.0,0.0,0.0,0.0,0.0,0.0,0.0,0.0,0.0,0.0,0.21251052618026733,0.0,0.0,0.0,0.0,0.0,0.0,0.0,0.0,0.0,0.0,0.0,0.0,0.6954699442721903
PLF_561_00000517,0.0,0.026445534080266953,0.0,0.0,0.0,0.0,0.0,0.0,0.0,0.0,0.0,0.0,0.0,0.0,0.0,0.06802988797426224,0.0,0.0,0.0,0.0,0.0,0.0,0.0,0.0,0.0,0.0,0.0,0.0,0.0,0.03206532448530197,0.0,0.0,0.0,0.0,0.0,0.0,0.0,0.0,0.0,0.0,0.0,0.0,0.0,0.01933641918003559,0.0,0.0,0.0,0.0,0.0,0.0,0.0,0.0,0.0,0.0,0.0,0.0,0.0,0.07633529603481293,0.0,0.0,0.0,0.0,0.0,0.0,0.0,0.0,0.0,0.0,0.0,0.0,0.0,0.04108469933271408,0.0,0.033171992748975754,0.0,0.0,0.0,0.0,0.0,0.0,0.0,0.0,0.0,0.0,0.0,0.0,0.0,0.0,0.0,0.0,0.0,0.0,0.0,0.0,0.0,0.0,0.0,0.0,0.0,0.06103341653943062,0.0,0.0,0.0,0.0,0.0,0.0,0.0,0.0,0.0,0.0,0.0,0.0,0.0,0.03350895643234253,0.0,0.0,0.0,0.0,0.0,0.0,0.0,0.0,0.0,0.0,0.0,0.0,0.0,0.04323764890432358,0.0,0.0,0.0,0.0,0.0,0.0,0.0,0.0,0.0,0.0,0.0,0.0,0.0,0.06455382704734802,0.0,0.0,0.0,0.0,0.0,0.0,0.0,0.0,0.0,0.0,0.0,0.0,0.0,0.06428054720163345,0.0,0.0,0.0,0.0,0.0,0.0,0.0,0.0,0.0,0.0,0.0,0.0,0.0,0.06898359209299088,0.0,0.0,0.0,0.0,0.0,0.0,0.0,0.0,0.0,0.0,0.0,0.0,0.0,0.0398862361907959,0.0,0.0,0.0,0.0,0.0,0.0,0.0,0.0,0.0,0.0,0.0,0.0,0.0,0.0,0.0,0.0,0.0,0.0,0.0,0.0,0.0,0.0,0.0,0.0,0.0,0.0,0.6719533782452345
PLF_561_00013716,0.01249170396476984,0.028967948630452156,0.004052049946039915,0.0010692564537748694,0.00013872013369109482,0.001077477470971644,0.00020846936968155205,0.0,0.0,0.0,0.0,0.0,0.0,0.0,0.012356936931610107,0.03829159960150719,0.0007478215848095715,0.0,0.0010822974145412445,0.0,0.000256679835729301,0.002095030853524804,0.0,0.00041564233833923936,0.0,0.0,0.0,0.0,0.010409791022539139,0.016661906614899635,0.0,0.0,0.0008534420630894601,0.0022905226796865463,0.0,0.0002755932218860835,0.0,6.181364005897194e-05,0.0,0.0,0.0,0.0,0.015622041188180447,0.03433171287178993,0.01046002097427845,0.000553264282643795,0.000197809815290384,0.0,0.0019716275855898857,0.0003239167854189873,0.0,0.033590540289878845,0.0,0.0,0.0,0.0,0.0,0.028872305527329445,0.0,0.0,0.0004651125054806471,0.0,0.0,0.0,0.003002238692715764,0.0,0.0,0.0,0.0,0.0,0.00952910166233778,0.032086100429296494,0.00971582904458046,0.0,0.0009651391883380711,0.0,0.000524171395227313,0.0017457031644880772,0.0,4.172242552158423e-05,0.0,0.0,0.0,0.0,0.0037971907295286655,0.005656769033521414,0.0,0.0,0.0024503248278051615,0.0,0.001472377683967352,0.00013419603055808693,0.0,0.0001487892004661262,0.0,0.0,0.0,0.0,0.026964886114001274,0.03135085478425026,0.0,0.0017622617306187749,0.00021161173935979605,0.0,0.0007957905763760209,0.0,0.0,0.0,0.0,0.0,0.0,0.0,0.009556319564580917,0.026551293209195137,0.0,0.0,0.000763124437071383,0.0,0.00019422087643761188,0.00021755005582235754,0.0,0.004506722558289766,0.0,0.0,0.0,0.0,0.0,0.018223769962787628,0.006749518681317568,0.0,0.0,0.0,0.0,0.0,0.0,0.0,0.0,0.0,0.0,0.0,0.018086232244968414,0.02651955746114254,0.0,0.0,0.0,0.0,0.00030491265351884067,0.0011333250440657139,0.0,0.00026603307924233377,0.0,0.0,0.0,0.0,0.0,0.0,0.0,0.0,0.00016349507495760918,0.0,0.0,0.0,0.0,0.0,0.0,0.0,0.0,0.0,0.005860522855073214,0.04009578004479408,0.006276255007833242,0.0,0.00023200828582048416,0.00017737621965352446,0.0,0.0004105498665012419,0.0,0.00035941580426879227,0.0,0.0,0.0,0.0,0.014703743159770966,0.019775772467255592,0.009817730635404587,0.0010436284355819225,0.0015704963589087129,0.0001629514736123383,0.0,0.0004960989463143051,0.00019665622676257044,0.0,0.0,0.0,0.0,0.0,0.0037386363837867975,0.02551845647394657,0.0019337811972945929,0.0010602137772366405,0.0002690996916498989,0.0,0.0004366409557405859,0.0,0.0,0.00011836060730274767,0.0,0.0,0.0,0.0,0.6400383638283529
PLF_561_00003864,0.0017378288321197033,0.0,0.0,0.0007569568115286529,0.0,0.000231457146583125,0.0009345310390926898,0.0,0.0,6.769593892386183e-05,0.0,0.013206489384174347,0.0,0.0,0.000357322976924479,0.041153375059366226,0.0,0.005663796793669462,0.0,0.0,0.0010656024096533656,0.0002752201398834586,0.0,0.0,0.0,0.0,0.0,0.0,0.027109216898679733,0.013600826263427734,0.0,0.0016695335507392883,0.0,0.0003447738417889923,0.0,0.0,0.0007075677858665586,0.0,0.0,0.0044183190912008286,0.0,0.0,0.0,0.029802488163113594,0.0,0.0056356159038841724,0.0,0.0,0.0,1.6583773685852066e-05,0.0,0.0,0.0,0.007136648986488581,0.0,0.0,0.0010862014023587108,0.023710910230875015,0.0036693341098725796,0.005522496998310089,0.0008099801489152014,0.003044108161702752,0.0,0.0005302058416418731,0.0,0.0032233952078968287,0.0,0.0,0.0,0.0,0.0005797409103251994,0.01888136938214302,0.003977895248681307,0.00438168179243803,0.0,0.0,0.000732703076209873,0.0,0.0,0.0,0.0,0.0,0.0,0.0,0.0005993555532768369,0.008571530692279339,0.0,0.0007175095961429179,0.0,0.0,0.0024024781305342913,0.0,0.007574306335300207,0.0001580624229973182,0.0,0.0,0.0,0.0,0.09668973833322525,0.018371881917119026,0.0,0.0033141886815428734,0.0,0.0,0.0016853198176249862,0.0,0.0,0.0,0.0,0.006068526301532984,0.0,0.0,0.0009476663544774055,0.0,0.0,0.004360671620815992,0.0,0.0,0.0,7.503307278966531e-05,0.0,0.0,0.0,0.010268185287714005,0.0,0.0,0.0074843172915279865,0.03392165154218674,0.0,0.0038018147461116314,0.0,0.0024633542634546757,0.0,0.0,0.0065040141344070435,0.005547959357500076,0.0,0.0050912881270051,0.0,0.0,0.0008132008952088654,0.03053618036210537,0.0,0.00648854672908783,0.0,0.0,0.0029088982846587896,0.0,0.0,0.0,0.0,0.0,0.0,0.0,0.014270219951868057,0.0,0.0,0.007139180786907673,0.0,0.0,0.0008233012049458921,0.0,0.007446469739079475,0.00204419600777328,0.0,0.0,0.0,0.0,0.0003784432483371347,0.02827375940978527,0.0,0.003733124816790223,0.0,0.004873969126492739,0.0,0.0018313191831111908,0.0,0.0,0.0,0.0,0.0,0.0,0.003211314557120204,0.01938105933368206,0.0,0.00316688884049654,0.0,0.0,0.0,0.0,0.0,0.0,0.0,0.00271978578530252,0.0,0.0,0.007237991783767939,0.0,0.0,0.0,0.0,0.0,0.0012281897943466902,0.0025567454285919666,7.353207911364734e-05,0.0,0.0,0.009467563591897488,0.0,0.0,0.6132646078222024
PLF_561_00011189,0.0,0.0,0.0,0.0,0.0014046485302969813,0.0,0.0004993783659301698,0.0,0.0,0.002640531864017248,0.0,0.0,0.018220622092485428,0.011934860609471798,0.0046665845438838005,0.0005190047668293118,0.007409242447465658,0.0,0.0,0.004157278221100569,0.0,0.0,0.0,0.0035053822211921215,0.0,0.0,0.02019576169550419,0.006965435575693846,0.0,0.0,0.00044519256334751844,0.0,0.0006365904700942338,0.0013697149697691202,0.004926031921058893,0.0013145437696948647,0.0,0.0028567342087626457,0.0,0.0,0.03807373717427254,0.00910508818924427,0.0,0.0,0.0,0.0,0.00028874800773337483,0.0,0.00041709927609190345,0.000406760344048962,0.0,0.001665180898271501,0.0,0.0,0.0,0.011043012142181396,0.0,0.0,0.0,0.0,0.0012834331719204783,0.0,0.0,0.0,0.0008638423169031739,0.0,0.0,0.0,0.03525987267494202,0.013312572613358498,0.0,0.0,0.004768809769302607,0.0,0.0014120121486485004,0.0006293467595241964,0.0,0.0,0.0,0.0016380295855924487,0.0,0.0,0.008432982489466667,0.011216257698833942,0.0,0.0,0.004140524659305811,0.0,0.0026859543286263943,0.0014584400923922658,0.0,0.0006866728654131293,0.0,0.0034314768854528666,0.0,0.0,0.025279495865106583,0.009930646046996117,0.0,0.0014230096712708473,0.0015783635899424553,0.0,0.0016959091881290078,0.00783301331102848,0.0016358891734853387,0.000713624875061214,0.0,0.0024919668212532997,0.0,0.0,0.026670778170228004,0.0104218740016222,0.0,0.00011259406892349944,0.0004521013761404902,0.0,0.0014186601620167494,0.0004074322059750557,0.0,0.0,0.0,0.0013343885075300932,0.0,0.0,0.01282078493386507,0.010453497990965843,0.0,6.237573688849807e-05,0.0,0.0,0.002592298900708556,0.0,0.0,0.0,0.0,0.0008264483767561615,0.0,0.0,0.03989376127719879,0.008890023455023766,0.0,0.0,0.00030333243194036186,0.0,0.0,0.0020818032789975405,0.0,0.0,0.0,0.0024737364146858454,0.0,0.0,0.025808611884713173,0.010535554960370064,0.0,0.0,0.0,0.0,0.000847245508339256,0.006276873406022787,0.0,0.0,0.0,0.0012382444692775607,0.0,0.0,0.028467455878853798,0.00979437492787838,0.0009517066646367311,0.0,0.0,0.0025105553213506937,0.0,0.0009775025537237525,0.001022518496029079,0.0,0.0,0.0038962671533226967,0.0,0.0,0.0,0.009966857731342316,0.0,0.00020235312695149332,0.0,0.0018833862850442529,0.006997701711952686,0.0,0.0032614434603601694,0.0,0.001570067717693746,0.0,0.0,0.0,0.01864730939269066,0.013314987532794476,0.0,0.0,0.00012315493950154632,0.0008136160322465003,0.0012151773553341627,0.002107174601405859,0.00014307964011095464,0.00040111306589096785,0.0019265467999503016,0.0029122603591531515,0.0,0.0,0.013647194020450115,0.01278688944876194,0.6039324272060185
PLF_561_00011903,0.0,0.0,0.0,0.0,0.0,0.06039578467607498,0.0,0.0,0.0,0.0,0.0,0.0,0.0,0.0,0.0,0.0,0.0,0.0,0.0,0.0,0.0,0.0,0.0,0.0,0.0,0.0,0.0,0.0,0.0,0.0,0.0,0.0,0.0,0.0,0.012836054898798466,0.0,0.0,0.0,0.0,0.0,0.0,0.0,0.0,0.0,0.0,0.0,0.0,0.030529586598277092,0.0,0.0,0.0,0.0,0.0,0.0,0.0,0.0,0.0,0.0,0.0,0.0,0.0,0.0,0.06164625287055969,0.0,0.0,0.0,0.0,0.0,0.0,0.0,0.0,0.0,0.0,0.0,0.0,0.028337650001049042,0.0,0.0,0.0,0.0,0.0,0.0,0.0,0.0,0.0,0.0,0.0,0.0,0.0,0.0,0.0,0.0,0.0,0.0,0.0,0.0,0.0,0.0,0.0,0.0,0.0,0.0,0.0,0.024137452244758606,0.0,0.0,0.0,0.0,0.0,0.0,0.0,0.0,0.0,0.0,0.004240238107740879,0.0,0.0,0.10023702681064606,0.0,0.0,0.0,0.0,0.0,0.0,0.0,0.0,0.0,0.0,0.0,0.0,0.0,0.0047729467041790485,0.017841080203652382,0.0,0.0,0.0,0.0,0.0,0.0,0.0,0.0,0.0,0.0,0.0,0.0,0.05186868831515312,0.0,0.0,0.0,0.0,0.0,0.0,0.0,0.0,0.0,0.0,0.0,0.0,0.0,0.07398712635040283,0.0,0.0,0.0,0.0,0.0,0.0,0.0,0.0,0.0,0.0,0.0,0.0,0.0,0.0,0.0,0.0,0.0,0.0,0.0,0.0,0.0,0.0,0.0,0.0,0.0,0.0,0.0,0.0,0.06550055742263794,0.0,0.0,0.0,0.0,0.0,0.0,0.0,0.0,0.0,0.002727155340835452,0.0,0.0,0.051653940230607986,0.0,0.0,0.0,0.0,0.0,0.0,0.0,0.0,0.5907115407753736
