,0,1,2,3,4,5,6,7,8,9,10,11,12,13,14,15,16,17,18,19,20,21,22,23,24,25,26,27,28,29,30,31,32,33,34,35,36,37,38,39,40,41,42,43,44,45,46,47,48,49,50,51,52,53,54,55,56,57,58,59,60,61,62,63,64,65,66,67,68,69,70,71,72,73,74,75,76,77,78,79,80,81,82,83,84,85,86,87,88,89,90,91,92,93,94,95,96,97,98,99,100,101,102,103,104,105,106,107,108,109,110,111,112,113,114,115,116,117,118,119,120,121,122,123,124,125,126,127,128,129,130,131,132,133,134,135,136,137,138,139,140,141,142,143,144,145,146,147,148,149,150,151,152,153,154,155,156,157,158,159,feature_weight_sum
ceftazidime,,,0.003417192492634058,0.01083906926214695,0.04234546422958374,0.26960042119026184,0.005938946269452572,0.0071836370043456554,0.0,0.010834384709596634,0.0,0.00992470234632492,0.0065228864550590515,0.07331462949514389,0.0,0.0018549446249380708,0.0058697969652712345,0.16661271452903748,0.0,0.16659606993198395,0.002154822228476405,0.0001496452314313501,0.0,0.0011433667968958616,0.0,0.0,0.0,0.0,0.0,0.1292785108089447,0.0,0.0,,,,0.009125785902142525,0.0028054318390786648,0.23847536742687225,0.004707478918135166,0.005041877273470163,0.0,0.0,0.0,0.0020029169972985983,0.0,0.06794935464859009,0.0,0.0,0.0037893964909017086,0.2393740862607956,0.0,0.2084430307149887,0.0032359748147428036,0.0007843417697586119,5.176730337552726e-05,0.0,0.0,0.0,0.0,0.0,0.0,0.03883744403719902,0.0,0.07416941970586777,,,0.0068907239474356174,0.002451755106449127,0.053946930915117264,0.23161321878433228,0.005730986595153809,0.005029913038015366,0.0,0.0,0.0,0.011068609543144703,0.0006436103140003979,0.062326982617378235,0.0,0.0012750858440995216,0.0024143089540302753,0.24545755982398987,0.0017239029984921217,0.01331869512796402,0.20103152096271515,0.0,0.0,0.004120223224163055,0.0,0.0,0.00030819096718914807,0.0,0.0021340083330869675,0.0,0.0,0.20610053837299347,,,0.01266030315309763,0.004809916950762272,0.05351392179727554,0.22730979323387146,0.0019948866683989763,0.006376210134476423,0.0,0.003024327801540494,0.0,0.010401067323982716,0.0021165828220546246,0.06517039984464645,0.00023983995197340846,0.0,0.004040553234517574,0.16995377838611603,0.0,0.20783942937850952,0.002978284377604723,0.0031130206771194935,0.0,0.0,0.0,0.0,0.0,0.0,0.0,0.17323802411556244,0.0,0.0,,,0.006609141360968351,0.0034514497965574265,0.056768856942653656,0.2548903226852417,0.006261759903281927,0.006300284061580896,0.0,0.0,0.0,0.0010009356774389744,0.004660240840166807,0.07329274713993073,0.0,0.0,0.0038675330579280853,0.2426513284444809,0.0,0.20624510943889618,0.004404901061207056,0.0,0.0,0.0,0.0,0.0,0.0,0.0,0.0,0.0,0.0,0.088088758289814,4.777235352696152
trimethoprim,,,,,,,,,,,,,,,,,0.0006204939563758671,0.0005627165082842112,0.0,0.0,0.006701128091663122,0.007488286588340998,0.10038680583238602,0.0033276346512138844,0.0,0.009813394397497177,0.0,0.012386225163936615,0.0,0.0,0.3034081757068634,0.0,,,,,,,,,,,,,,,,,0.0010350544471293688,0.0,0.0,0.0,0.0,0.0064544095657765865,0.11731100082397461,0.0,0.0,0.009334970265626907,0.0,0.0026531016919761896,0.0011241331230849028,0.0,0.3115279972553253,0.0,,,,,,,,,,,,,,,,,0.0,4.66267520096153e-05,0.003887712024152279,0.0012300043599680066,0.0,0.013376735150814056,0.09401782602071762,0.0,0.0,0.0015359288081526756,0.0,0.0,0.0,0.644037663936615,0.0,0.0,,,,,,,,,,,,,,,,0.0,0.0009100940660573542,0.0,0.0,0.0,0.0,0.005595047026872635,0.09324853867292404,0.0,0.000632750743534416,0.0,0.0,0.0015539140440523624,0.0,0.0,0.29168805480003357,0.0,,,,,,,,,,,,,,,,,0.0011042671976611018,0.001709467964246869,0.0,0.0,0.0,0.004376324359327555,0.11072449386119843,0.0,0.0,0.0,0.0,0.0,0.0,0.0,0.34685760736465454,0.0,2.5106685852224473
cefotaxime,,,,,,,0.0,0.10120562463998795,0.0,0.0,0.0,0.0,0.0,0.014430461451411247,0.010186035186052322,0.0022323334123939276,0.012747354805469513,0.0,0.0,0.06498409807682037,0.1927330642938614,0.0,0.0,0.0,0.0,0.0022392410319298506,0.0,0.0,0.0,0.0009405199671164155,0.0,0.0,,,,,,,0.0,0.07741216570138931,0.0,0.0,0.0,0.0006566576776094735,0.0,0.016132647171616554,0.0,0.0006468893261626363,0.016156423836946487,0.0,0.0018888229969888926,0.051562853157520294,0.174775168299675,0.0,0.0,0.0028167301788926125,0.0,0.0046361819840967655,0.002714119851589203,0.030252214521169662,0.0,0.0,0.0,0.11792338639497757,,,,,,,0.0,0.09740374237298965,0.02127758413553238,0.012662420980632305,0.0,0.0,0.0,0.006878881715238094,0.0034669425804167986,0.0005388543359003961,0.018173253163695335,0.0,0.0,0.18153658509254456,0.02093498967587948,0.0,0.0,0.0,0.0,0.0,0.002583486493676901,0.0,0.0,0.0,0.0,0.020675817504525185,,,,,,,0.0035225162282586098,0.09470441937446594,0.0,0.015306488610804081,0.0006497885333374143,0.0,0.007239947095513344,0.0055964188650250435,0.0004589699674397707,0.0022559259086847305,0.015707606449723244,0.0,0.0,0.016650445759296417,0.24489805102348328,0.0004286204348318279,0.0016546245897188783,0.0,0.0,0.0056226723827421665,0.0,0.0,0.0,0.0042955344542860985,0.0,0.0,,,,,,,0.0,0.09321729093790054,0.01908082142472267,0.009628801606595516,0.0,0.0028583311941474676,0.0,0.017292410135269165,0.005370735190808773,0.0,0.012703988701105118,0.002222808776423335,0.0,0.04545692354440689,0.24322716891765594,0.0,0.0,0.0,0.0,0.0,0.0,0.0,0.0,0.0,0.0,0.00539769884198904,2.160854560963344
ciprofloxacin,,,,,0.00032416635076515377,0.0051017096266150475,0.0007524443790316582,0.0016177173238247633,0.0,0.0,0.0019690897315740585,0.0,0.0007243783329613507,0.0,0.0,0.0016440516337752342,0.0,0.0028199765365570784,0.0,0.0009089873055927455,0.007977657951414585,0.0,0.0,0.0,0.004909345880150795,0.1934107095003128,0.0,0.0,0.0,0.0,0.0,0.08914140611886978,,,,,0.0019513656152412295,0.004085134714841843,0.008461844176054,0.0008513277280144393,0.0,0.0,0.0,0.0074900416657328606,0.0,0.0,0.0,0.0018417643150314689,0.0,0.002831208286806941,0.0,0.0,0.0,0.0,0.001181165687739849,0.0,0.004675041418522596,0.14223793148994446,0.00850545335561037,0.0,0.0,0.05449225753545761,0.0,0.0,,,,0.001868342631496489,0.00016124766261782497,0.0,0.0021979487501084805,0.0018040796276181936,0.010203706100583076,0.0,0.0,0.0,0.005593346431851387,0.0,0.0,0.0007341514574363828,0.0,0.0009160717600025237,0.0,0.0,0.0,0.0,0.0,0.0,0.0077816396951675415,0.16193388402462006,0.0,0.0,0.0,0.0,0.062263984233140945,0.0,,,,0.0016170962480828166,0.0012493606191128492,0.0020279036834836006,0.0,0.0013628550805151463,0.0,0.0,0.0,0.0,0.004319464322179556,0.0,0.001092299586161971,0.0,0.0,0.005004061385989189,0.0,0.0,0.0,0.0,0.0005127856275066733,0.0,0.005624139681458473,0.17950548231601715,0.0,0.0,0.0,0.0,0.0,0.0725591704249382,,,,0.001908442354761064,0.0008921364205889404,0.0014543377328664064,0.0005687082302756608,0.0024266012478619814,0.0,0.0,0.0,0.005200909450650215,0.0,0.0,0.001431786804459989,0.0009132116101682186,0.0,0.0025974789168685675,0.0,0.0,0.0042907558381557465,0.0,0.0,0.0,0.006738443858921528,0.14246349036693573,0.0,0.0,0.0,0.06573649495840073,0.0,0.0,1.316861995801446
PLF_561_00049890,0.0027177834417670965,0.004997128155082464,0.0023289259988814592,0.002229479607194662,0.0,0.0047132824547588825,0.0,0.0,0.0,0.0010859849862754345,0.0,0.0047436426393687725,0.0,0.0,0.007876258343458176,0.0,0.0,0.01917538046836853,0.0,0.0,0.012373576872050762,0.0,0.0,0.0,0.0,0.0,0.0,0.0,0.15075241029262543,0.0,0.0,0.0,0.0026121099945157766,0.0,0.005793117918074131,0.0011384112294763327,0.0019810269586741924,0.005698134191334248,0.0,0.0,0.0,0.0,0.0,0.0,0.0,0.0,0.0072750854305922985,0.0,0.0,0.02061951905488968,0.0,0.0,0.007185020484030247,0.003925619646906853,0.0,0.0,0.0,0.0,0.0,0.0,0.08629129827022552,0.0,0.0,0.0,0.002885800553485751,0.006578628905117512,0.0009710240992717445,0.0013657669769600034,0.0,0.00258064572699368,0.0,0.0,0.0,0.0,0.0,0.0,0.0,0.0009726886637508869,0.011775348335504532,0.0,0.0,0.015187567099928856,0.0,0.005974648054689169,0.0,0.0,0.0,0.0,0.0,0.0,0.0,0.0,0.13091516494750977,0.0,0.0,0.0,0.0025681944098323584,0.0064245001412928104,0.0010470629204064608,0.003092935774475336,0.0,0.0,0.0006731148459948599,0.0,0.0,0.0,0.0,0.0,0.0,0.0,0.0,0.0037526190280914307,0.0,0.0164151880890131,0.0045607672072947025,0.0,0.0,0.0013985178666189313,0.0,0.0,0.0,0.0,0.0,0.0,0.1330571323633194,0.0,0.0,0.0,0.0023786332458257675,0.0044228555634617805,0.0,0.001395421102643013,0.0,0.0,0.001248820568434894,0.0,0.0,0.0,0.0,0.0,0.0,0.0,0.0018558718729764223,0.0,0.0,0.021056799218058586,0.004679892212152481,0.0,0.0,0.0,0.0,0.0,0.0,0.0,0.0,0.0,0.15691491961479187,0.0,0.0,0.0,0.901663725846447
PLF_561_00007970,0.0007162658730521798,0.07341054081916809,0.0,0.017171233892440796,0.014738442376255989,0.03749464452266693,0.001957855187356472,0.0,0.0,0.0008030877797864377,0.0,0.0,0.0,0.002081062411889434,0.0,0.0,0.00232712528668344,0.0029296046122908592,0.0,0.0,0.009807104244828224,0.0005103843286633492,0.0,0.0,0.010915392078459263,0.0,0.0,0.0039593372493982315,0.0,0.009884246625006199,0.0,0.0,0.0005127399344928563,0.025913892313838005,0.06682322174310684,0.022834541276097298,0.0003536750446073711,0.01642456091940403,0.0007445481605827808,0.0,0.0,0.0,0.0,0.0,0.0,0.0054502105340361595,0.0,0.0,0.0,0.002243775175884366,0.0,0.0,0.00573048135265708,0.0,0.00017427986313123256,0.0,0.010973073542118073,0.0,0.0,0.0,0.0,0.0,0.0,0.0,0.0006923817563802004,0.07939912378787994,0.022267501801252365,0.00046035059494897723,0.007486769929528236,0.021903308108448982,0.0031173457391560078,0.0006696077762171626,0.0,0.00254079420119524,0.0,0.0,0.0,0.0009391642524860799,0.0,0.0,0.0,0.003452942008152604,0.0012281324015930295,0.006617540027946234,0.0,0.0,0.0005257312441244721,0.000570063479244709,0.01666989177465439,0.006097877398133278,0.000950726680457592,0.0,0.0,0.0,0.0,0.0,0.0002814723993651569,0.0695701614022255,0.0016135696787387133,0.0,0.009976043365895748,0.024366799741983414,0.001256592688150704,0.0016550668515264988,0.0,0.0008115477976389229,0.0,0.002821992849931121,0.0,0.001835437724366784,0.0,0.0,0.002235035179182887,0.003487762762233615,0.0,0.002109638648107648,0.008777226321399212,0.005924498662352562,0.0,0.0,0.008370309136807919,0.0,0.003723027417436242,0.0,0.0,0.001078581321053207,0.0,0.0,0.0004846480442211032,0.07761429250240326,0.022367699071764946,0.0,0.010488304309546947,0.03660989925265312,0.0026800152845680714,0.00028491055127233267,0.0,0.000934764975681901,0.0,0.0,0.004385493230074644,0.0018291100859642029,0.0,0.0,0.0016517811454832554,0.0033676186576485634,0.0,0.0018191618146374822,0.007344109937548637,0.0,0.0,0.0,0.013871734961867332,0.002940595615655184,0.0,0.0,0.002520339796319604,0.0,0.0,0.0,0.8635638232954079
imipenem,,,,,,,,,,,0.0,0.08323552459478378,0.0,0.0,0.001131454249843955,0.0,0.0,0.0,0.09648311138153076,0.0,0.0,0.0027557206340134144,0.0,0.0,0.0,0.0,0.0,0.0,0.0,0.0,0.0,0.0,,,,,,,,,,,0.0,0.005226387642323971,0.06318867206573486,0.013723116368055344,0.014555367641150951,0.0,0.0,0.0,0.02411521039903164,0.0,0.0,0.0,0.0,0.0,0.00871049053966999,0.0,0.0,0.0,0.0,0.0,0.0,0.0,,,,,,,,,,,0.0,0.10289911180734634,0.00200098124332726,0.0,0.001611100509762764,0.0,0.0,0.0,0.07574263215065002,0.0,0.0,0.0,0.0,0.0,0.0,0.0,0.0,0.0,0.0,0.0,0.0,0.0,,,,,,,,,,,0.0,0.10771482437849045,0.0,0.0,0.0,0.0,0.0,0.0,0.038146380335092545,0.0,0.0,0.0024858827237039804,0.0,0.0,0.006797709036618471,0.0,0.0,0.0,0.0,0.0,0.0,0.0,,,,,,,,,,,0.0,0.004299448803067207,0.09615790843963623,0.0,0.0021323494147509336,0.0,0.0006652491865679622,0.0,0.10050451755523682,0.0,0.0,0.0,0.0,0.0,0.0,0.0,0.0,0.0,0.0,0.0,0.0,0.0,0.8542831511003897
meropenem,,,,,,,,,,,,,0.00614136690273881,0.005306301638484001,0.011124164797365665,0.0,0.0,0.010207895189523697,0.1298397332429886,0.0,0.0,0.0,0.0,0.0,0.0,0.0,0.0,0.0,0.0,0.0,0.0,0.0,,,,,,,,,,,,,,0.00809350423514843,0.01217744592577219,0.0,0.0,0.013571643270552158,0.16173015534877777,0.0,0.0,0.0,0.0020498966332525015,0.0,0.0,0.0,0.0,0.0,0.0,0.0,0.0,0.0,,,,,,,,,,,,,0.00444279657676816,0.002462670672684908,0.006693984381854534,0.0,0.0,0.0104439128190279,0.11450506746768951,0.0,0.0,0.0,0.0,0.0,0.0,0.0,0.0,0.0,0.0,0.0,0.0,0.0,,,,,,,,,,,,,0.003327534534037113,0.006640859413892031,0.0,0.012650725431740284,0.0,0.010217837989330292,0.17570507526397705,0.0,0.0,0.003008680883795023,0.0,0.0,0.0,0.0,0.0,0.0,0.0,0.0,0.0,0.0,,,,,,,,,,,,,,0.00883240345865488,0.010802390985190868,0.0,0.0,0.014127896167337894,0.09066279977560043,0.0,0.0,0.0,0.0,0.0,0.003775296499952674,0.0,0.0,0.0,0.0,0.0,0.0,0.0,0.8385420395061374
gentamicin,,,,0.0012288792058825493,0.003830572357401252,0.003978349268436432,0.0,0.0004301185254007578,0.0,0.0,0.0,0.0036159593146294355,0.143574520945549,0.0010113518219441175,0.009741424582898617,0.0014656619168817997,0.0010358880972489715,0.0005491098272614181,0.0009997058659791946,0.0036673748400062323,0.0,0.0,0.0,0.0,0.0,0.0,0.0,0.0,0.022644007578492165,0.0,0.0,0.0,,,,,,0.0012243286473676562,0.0003137500607408583,0.001387733151204884,0.0,0.007517021615058184,0.0,0.10200350731611252,0.004603590816259384,0.0005307247047312558,0.011737733148038387,0.0013586117420345545,0.0,0.0,0.0008333835285156965,0.0,0.0,0.0,0.0008498039096593857,0.0014637032290920615,0.0,0.0,0.0,0.0,0.008508207276463509,0.0,0.0,0.0,,,,,0.0032976847141981125,0.005602416582405567,0.0013076765462756157,0.001769627328030765,0.0,0.0010927027324214578,0.0,0.0,0.08225148171186447,0.0018272418528795242,0.006245831493288279,0.0013673545327037573,0.002070487942546606,0.0,0.0,0.0,0.0,0.0003649287682492286,0.0013077928451821208,0.0,0.0,0.0,0.0,0.0,0.004494580440223217,0.0,0.0,0.0,,,,,0.001457243226468563,0.0028605603147298098,0.0010713239898905158,0.0011171334190294147,0.0,0.0,0.0,0.0,0.1251448094844818,0.0022530541755259037,0.0011451143072918057,0.005224729422479868,0.002177441492676735,0.0,0.010639256797730923,0.008831879124045372,0.0,0.0,0.0,0.0,0.0,0.0,0.0,0.022518543526530266,0.028923887759447098,0.0,0.0,0.0,,,,,0.0007152971811592579,0.0029990056063979864,0.0038983619306236506,0.001541765290312469,0.0,0.004611528478562832,0.00031984434463083744,0.10156437754631042,0.0,0.0008981581777334213,0.015582166612148285,0.0008140025311149657,0.0016425465000793338,0.0010188862215727568,0.003154454054310918,0.0,0.0,0.0,0.0,0.0,0.0,0.0,0.0,0.0,0.0034204607363790274,0.0,0.0,0.0,0.8086506630352233
ampicillin,,,,,,0.004228848963975906,0.0,0.001463477499783039,0.0,0.0,0.08688817918300629,0.0,0.0,0.0,0.0,0.0037138687912374735,0.0006072830292396247,0.0,0.0,0.0,0.0,0.009443196468055248,0.0,0.0,0.0,0.0039062011055648327,0.011406637728214264,0.036070168018341064,0.0,0.0,0.0,0.0,,,0.0018949710065498948,0.0004823872004635632,0.0005869693704880774,0.0,0.0,0.0015919934958219528,0.0,0.0,0.09919383376836777,0.0,0.0,0.0,0.0,0.0035700350999832153,0.001607534009963274,0.0,0.0,0.0,0.0,0.0022361045703291893,0.0,0.0,0.0,0.0,0.005586474668234587,0.009021802805364132,0.0,0.0056771873496472836,0.0,0.0,,,,,,0.003320785006508231,0.0,0.0019621949177235365,0.0,0.0,0.08477374166250229,0.0,0.0,0.0,0.0,0.003966490272432566,0.0007848270470276475,0.0,0.0,0.0,0.0,0.0051617869175970554,0.0,0.0,0.0,0.0,0.0,0.04143449664115906,0.0,0.0,0.0,0.02114924043416977,,,,,,0.00409461185336113,0.0,0.0014131725765764713,0.0,0.0,0.10316173732280731,0.0,0.0,0.0,0.0031868910882622004,0.0,0.0025931408163160086,0.0,0.0,0.0,0.0,0.0034672506153583527,0.0,0.0,0.0,0.0,0.006982448976486921,0.026943041011691093,0.0,0.0,0.0,0.003699356224387884,,,,,,0.004130050074309111,0.0,0.0014240777818486094,0.0,0.0,0.07557698339223862,0.0,0.0,0.0,0.0,0.002708990126848221,0.0014695117715746164,0.0,0.0,0.0,0.0,0.004140686243772507,0.0,0.0034683989360928535,0.0,0.0,0.0037634389009326696,0.015157410874962807,0.03167719766497612,0.0,0.0,0.0,0.7507891132845543
cefuroxime,,,,,,,,,0.0,0.004066174384206533,0.0,0.0,0.0015150739345699549,0.0,0.005858683958649635,0.0,0.047313205897808075,0.011979143135249615,0.0,0.009270897135138512,0.0,0.0,0.0,0.0014408740680664778,0.0,0.0,0.0,0.0,0.0,0.07647848129272461,0.0,0.04480275511741638,,,,,,,,,0.0,0.008929013274610043,0.002018363680690527,0.0,0.0,0.0,0.0,0.0,0.03798536956310272,0.01856793276965618,0.0,0.004712380468845367,0.0,0.0011368724517524242,0.0,0.0,0.0,0.0,0.0,0.0,0.0,0.0,0.0,0.0,,,,,,,,,0.0,0.007484952919185162,0.001078206580132246,0.0,0.0007465055678039789,0.0,0.0,0.0,0.057691920548677444,0.01685289666056633,0.0,0.00023904659610707313,0.0020979740656912327,0.0,0.0,0.0,0.0,0.0,0.0,0.0,0.002307207090780139,0.0,0.026104288175702095,0.02430865727365017,,,,,,,,,0.0,0.0,0.0014860841911286116,0.0,0.0,0.0,0.0,0.0,0.05466374009847641,0.016191653907299042,0.0,0.00678083673119545,0.0,0.0,0.0,0.0,0.0,0.0,0.0,0.0,0.0,0.0399068258702755,0.0,0.014383753761649132,,,,,,,,,0.0,0.0049824281595647335,0.0006196288741193712,0.0011779185151681304,0.0,0.0,0.0026551273185759783,0.0,0.055567339062690735,0.01937386393547058,0.0,0.0012016919208690524,0.0,0.0,0.0,0.0,0.0,0.0017396543407812715,0.0,0.0,0.0,0.04096728935837746,0.0,0.06187126412987709,0.7385559767863015
PLF_561_00097047,0.0,0.0,0.0,0.0,0.0,0.0,0.0,0.0,0.0,0.0,0.0,0.0,0.0,0.0,0.14729149639606476,0.0,0.0,0.0,0.0,0.0,0.0,0.0,0.0,0.0,0.0,0.0,0.0,0.0,0.0,0.0,0.0,0.0,0.0,0.0,0.0,0.0,0.0,0.0,0.0,0.0,0.0,0.0,0.0,0.0,0.0,0.0,0.13727979362010956,0.0,0.0,0.0,0.0,0.0,0.0,0.0,0.0,0.0,0.0,0.0,0.0,0.0,0.0,0.0,0.0,0.0,0.0,0.0,0.0,0.0,0.0,0.0,0.0,0.0,0.0,0.0,0.0,0.0,0.0,0.0,0.0,0.0,0.0,0.0,0.0,0.0,0.0,0.0,0.0,0.0,0.0,0.0,0.0,0.0,0.0,0.0,0.0,0.0,0.0,0.0,0.0,0.0,0.0,0.0,0.0,0.0,0.0,0.0,0.0,0.0,0.0,0.0,0.0,0.12652741372585297,0.0,0.0,0.0,0.0,0.0,0.0,0.0,0.0,0.0,0.0,0.0,0.0,0.0,0.0,0.0,0.0,0.0,0.0,0.0,0.0,0.0,0.0,0.0,0.0,0.0,0.0,0.0,0.0,0.0,0.0,0.19474828243255615,0.0,0.0,0.0,0.0,0.0,0.0,0.0,0.0,0.0,0.0,0.0,0.0,0.0,0.0,0.0,0.0,0.0,0.6058469861745834
PLF_561_00071721,0.0,0.01051251869648695,0.0,0.0003628081176429987,0.007029655389487743,0.007963523268699646,0.0,0.0,0.0,0.0011060932883992791,0.0,0.0,0.0,0.0042276219464838505,0.0,0.0,0.0,0.0,0.0,0.0045911213383078575,0.03775205835700035,0.0,0.0,0.0,0.0,0.0,0.0,0.0,0.0,0.0,0.0,0.0,0.00028039212338626385,0.007982518523931503,0.012121334671974182,0.0,0.0,0.05028953030705452,0.0,0.0,0.0,0.0,0.0,0.0,0.0,0.004064366687089205,0.0,0.0,0.0,0.0,0.0,0.03694834187626839,0.029498184099793434,0.0,0.0,0.0,0.0,0.0,0.0,0.0,0.0,0.0,0.0,0.0,0.0,0.01091702375560999,0.0019916752353310585,0.0,0.012944181449711323,0.03331088647246361,0.0,0.0017127111786976457,0.0,0.0,0.0,0.0,0.0,0.0030008608009666204,0.0,0.0,0.0,0.0,0.0,0.034109894186258316,0.011592542752623558,0.0,0.0031899570021778345,0.0,0.0,0.0,0.0,0.0,0.0,0.0,0.0,0.0,0.0005357414484024048,0.01929919235408306,0.0005597970448434353,0.0,0.012924081645905972,0.02463054284453392,0.0,0.001456615049391985,0.0,0.0,0.0,0.0,0.0,0.002389737870544195,0.0,0.0,0.0,0.0,0.0,0.015515212900936604,0.05488133057951927,0.0,0.0,0.0,0.0,0.0,0.0,0.0,0.0,0.0,0.0,0.0,7.947923586471006e-05,0.014418967068195343,0.0037480408791452646,0.0,0.01104334183037281,0.01593223586678505,0.0,0.0016085245879366994,0.0,0.0,0.0,0.0,0.0,0.0009858646662905812,0.0,0.0,0.002722513861954212,0.0,0.0,0.008555370382964611,0.05050481855869293,0.0,0.0013532234588637948,0.0,0.0,0.0,0.0,0.0,0.0,0.0,0.0,0.0,0.570644433661073
PLF_561_00005659,0.00032622902654111385,0.0004750092630274594,0.0,0.0012471824884414673,0.00020584581943694502,0.001312652719207108,0.0009840999264270067,0.0007266040774993598,0.0,0.000702329387422651,0.0002648835943546146,0.0,0.002338739112019539,0.002979329554364085,0.0,0.07443978637456894,0.0008705466170795262,0.0008365246467292309,0.0,0.0,0.0,0.001997492741793394,0.005976422224193811,0.0019756322726607323,0.0,0.0,0.0,0.0030086643528193235,0.0027564947959035635,0.0,0.009149901568889618,0.00856213178485632,0.00032069504959508777,0.0008710132096894085,0.00047166174044832587,0.0012485188199207187,0.0006570335244759917,0.0012482944875955582,0.0010953135788440704,0.0,0.0,0.0,0.0009313449845649302,0.0027595232240855694,0.0,0.0007609336753375828,0.0,0.0690956637263298,0.0,0.0010280554415658116,0.0,0.0,0.0,0.0,0.023349441587924957,0.001917399000376463,0.0,0.0,0.0,0.0016729842172935605,0.0,0.0,0.0,0.0,0.0005139718996360898,0.0008701297338120639,0.0013358042342588305,0.0012651876313611865,0.0005338512710295618,0.0036945436149835587,0.0001675379171501845,0.0,0.0,0.0,0.0,0.0,0.0012887567281723022,0.0006355175864882767,0.0,0.07131355255842209,0.0005089366459287703,0.0,0.0,2.459434290358331e-05,0.0,0.0,0.00983042735606432,0.0019898812752217054,0.0,0.00478001544252038,0.0,0.0,0.0,0.0,0.0,0.0,0.0004722269659396261,0.00045142360613681376,0.0006354775978252292,0.00023555639199912548,0.0028634180780500174,0.0013597579672932625,0.00024724399554543197,0.00325192604213953,0.0,0.0,0.0011838991194963455,0.0,0.0007320864824578166,0.0,0.05990268290042877,0.0,0.0,0.001023668679408729,0.0,0.0,0.0,0.0,0.023111065849661827,0.0003474389377515763,0.00663245702162385,0.0,0.0,0.0007965333061292768,0.004252473823726177,0.0,0.0035401927307248116,0.0,0.00042766210390254855,0.00043648603605106473,0.0008277598535642028,0.0,0.0,0.003224772633984685,0.0005318011390045285,0.0,0.0,0.0,0.001991339959204197,0.0005394930485635996,0.0,0.00055420130956918,0.0,0.061204977333545685,0.0,0.002067483263090253,0.0,0.0,0.0,0.0021855183877050877,0.0033354144543409348,0.00040316107333637774,0.0,0.0,0.0,0.0,0.0,0.0006607439718209207,0.0,0.0,0.516747430918258
PLF_561_00013901,0.0,0.004839531145989895,0.001087588258087635,0.0,0.0,0.0,0.0,0.0,0.0,0.06177879869937897,0.0,0.0,0.0,0.0,0.0,0.0021621291525661945,0.0,0.0,0.0,0.0,0.0,0.0004577113431878388,0.0,0.0,0.0,0.0,0.0,0.0,0.0,0.0,0.0,0.0,0.0,0.0,0.010843692347407341,0.0,0.0020107452291995287,0.0,0.0015269106952473521,0.0,0.0,0.04454773664474487,0.0,0.0070813545025885105,0.04683667793869972,0.0,0.008053765632212162,0.0,0.0,0.0,0.09238965064287186,0.0,0.0,0.0,0.0,0.0,0.0,0.0,0.0,0.0,0.0,0.0,0.0,0.0,0.0,0.008266028948128223,0.0,0.0020351416897028685,0.0,0.0,0.001016832422465086,0.0,0.0,0.04862945154309273,0.0,0.0,0.005303327925503254,0.008405344560742378,0.005853795446455479,0.0,0.0,0.0,0.0,0.0,0.0,0.0002937981334980577,0.0,0.0,0.0,0.0,0.0,0.0,0.0,0.0,0.0,0.0,0.0,0.006157220806926489,0.0,0.00131817942019552,0.0,0.0,0.001214227406308055,0.0,0.0,0.04045093059539795,0.0,0.040494322776794434,0.0,0.0,0.0011678162263706326,0.0,0.0,0.0,0.0,0.0,0.0,0.0,0.0,0.0,0.0,0.0,0.0,0.0,0.0,0.0,0.0,0.0,0.0,0.007987123914062977,0.0,0.000834903446957469,0.0,0.0,0.0,0.0,0.0,0.044398922473192215,0.0,0.005033102352172136,0.0,0.00016428023809567094,0.0,0.002801892813295126,0.0,0.0,0.0,0.0,0.0,0.0,0.0,0.0,0.0,0.0,0.0,0.0,0.0,0.0,0.0,0.0,0.5154429353715386
PLF_561_00004782,0.007137341424822807,0.0012128503294661641,0.0002861997636500746,0.0007384719792753458,0.03965854272246361,0.0025577093474566936,0.0006331381155177951,0.0,0.0,0.0,0.001980150118470192,0.0,0.0,0.0,0.0,0.0,0.003928971942514181,0.0,0.0,0.0,0.003025591839104891,0.0,0.0014209381770342588,0.0,0.008228369988501072,0.0,0.00010384247434558347,0.0,0.0,0.0021232611034065485,0.0,0.005902341101318598,0.005980306770652533,0.04507194831967354,0.0010476931929588318,0.00016395316924899817,0.0005627258797176182,0.0016951102297753096,0.00034396492992527783,0.0037551382556557655,0.0,0.0,0.002573458245024085,0.00014158710837364197,0.0,0.0,0.0,0.0005542971775867045,0.007239703554660082,0.0024387319572269917,0.0,0.0,0.0022425625938922167,0.00038495619082823396,0.0006757195806130767,0.0,0.0011729748221114278,0.0,0.014853542670607567,0.0,0.0024805222637951374,0.0,0.0,0.0,0.012312246486544609,0.0010691849747672677,0.0004283699963707477,0.0008250708924606442,0.04404984414577484,0.0019884223584085703,0.0006209142156876624,0.0016670434270054102,0.0,0.0,0.0015942812897264957,0.0,0.0010886952513828874,0.0,0.0023562160786241293,0.0006206455873325467,0.0031808773055672646,0.0,0.0041823056526482105,0.0018343818373978138,0.0,0.0,0.0,0.0025513209402561188,0.00164140691049397,0.0,0.0024410984478890896,0.0,0.0,0.0,0.0,0.009365515783429146,0.0061635361053049564,0.0019817815627902746,0.0014931460609659553,0.0009419721318408847,0.04399404302239418,0.0,0.0011710503604263067,0.002312064403668046,0.0,0.0015319574158638716,0.0020945153664797544,0.0,0.0,0.0,0.0002299714251421392,0.0,0.0049458094872534275,0.0,0.0,0.002684791339561343,0.002255768980830908,0.0,0.0,0.0,0.002527011791244149,0.0,0.0,0.0,0.0,0.0,0.0,0.0,0.0075406949035823345,0.0006711510941386223,0.00021445433958433568,0.001346609671600163,0.03967190161347389,0.0,0.0,0.0015429609920829535,0.0,0.0,0.0014521293342113495,0.0001703020097920671,0.01053532399237156,0.0012976843863725662,0.0,0.0,0.0011852432508021593,0.0,0.0017713485285639763,0.0,0.0022795137483626604,0.0,0.0,0.0,0.004431595094501972,0.0,0.007180102169513702,0.0,0.0,0.0,0.010479046031832695,0.002718759933486581,0.43495069946948206
ceftriaxone,,,,,,,,,,,,,,,,,,,,,,0.0,0.0,0.001303411670960486,0.0,0.0025801900774240494,0.10109914094209671,0.0,0.0,0.0,0.0,0.0,,,,,,,,,,,,,,,,,,,,,,0.00041978713124990463,0.001365017844364047,0.0027861129492521286,2.8926013328600675e-05,0.0017109123291447759,0.09019969403743744,0.0,0.0,0.0,0.0,0.0,,,,,,,,,,,,,,,,,,,,,0.01558938343077898,0.0,0.0009036454721353948,0.0026180690620094538,0.0,0.011895447969436646,0.05495138466358185,0.0,0.0,0.0,0.0,0.0163057092577219,,,,,,,,,,,,,,,,,,,,,,0.0,0.0,0.002366730710491538,0.0,0.005975221749395132,0.06119222939014435,0.0,0.0,0.0,0.0,0.0,,,,,,,,,,,,,,,,,,,,,,0.0,0.0,0.0,0.0,0.0,0.05215829610824585,0.0,0.0,0.0,0.0,0.0,0.42544931080919923
PLF_561_00008369,0.00068695965455845,0.000629505084361881,0.0014388225972652435,0.0006500682211481035,0.0,0.0,0.0,0.0,0.0,0.0,0.0007171095348894596,0.0,0.0,0.0,0.0,0.0,0.006813826039433479,0.0,0.0,0.0,0.0,0.0,0.0,0.06437542289495468,0.0,0.0,0.0,0.0,0.0,0.0,0.0,0.0,0.001441851258277893,0.0,0.0004050357674714178,0.0012653415324166417,0.0012241880176588893,0.0,0.00040637620259076357,0.0006532033439725637,0.0,0.0,8.231376705225557e-05,0.0,0.0,0.0,0.0,0.0,0.0017019392689689994,0.0,0.0,0.0,0.0,0.0,0.0,0.10494481027126312,0.0,0.0,0.0,0.0,0.0,0.0,0.0,0.0,0.0003802462888415903,0.0,0.0004014612641185522,0.00032484877738170326,0.0,0.0012350704055279493,0.0,0.0008768930565565825,0.0,0.0,0.0008443252299912274,0.0,0.0,0.0,0.0,0.0,0.0,0.0,0.0,0.0,0.0,0.0,0.0,0.07612051069736481,0.0,0.0,0.0,0.0,0.0,0.0,0.0,0.0,0.00031011272221803665,0.0,0.000308915477944538,0.0,0.0,0.0,0.0010705221211537719,0.0,0.0,0.0,0.0010117044439539313,0.0,0.0,0.0,0.0,0.0,0.0,0.0,0.0,0.0,0.0,0.0,0.0,0.07610694319009781,0.0,0.0,0.0,0.0,0.0,0.0,0.0,0.0,0.0008201529853977263,0.0,0.0,0.0011299547040835023,0.0,0.0,0.0008974999072961509,0.0,0.0,0.0,0.0,0.0,0.0,0.0,0.0,0.0,0.0,0.0,0.0,0.0,0.0,0.0,0.0,0.07362289726734161,0.0,0.0,0.0,0.0,0.0,0.0,0.0,0.0,0.42289883199555334
PLF_561_00009406,0.0006821234710514545,0.0013635294744744897,0.07465757429599762,0.00013741679140366614,0.0,0.0,0.0,0.0,0.0,0.0,0.0,0.017550213262438774,0.0038703549653291702,0.0,0.0,0.0,0.0,0.0011149453930556774,0.0,0.0,0.0,0.0,0.0,0.0,0.0,0.0,0.0,0.0,0.0,0.0,0.0,0.0,0.00010423057392472401,0.0006462443852797151,0.0,0.0018842383287847042,0.0586923211812973,0.0,0.0,0.0,0.0,0.0,0.0,0.003368235193192959,0.0012605354422703385,0.0,0.0017846105620265007,0.0,0.0,0.0,0.0,0.0,0.0,0.0,0.0018425910966470838,0.0,0.0,0.0,0.0,0.0,0.0,0.0,0.0,0.0,0.000305297551676631,0.0012255646288394928,0.0,0.06637132167816162,0.0,0.0,0.0,0.0,0.0,0.001050486695021391,0.0,0.0006614066660404205,0.0006006872281432152,0.0,0.0,0.0,0.0,0.0016306356992572546,0.0,0.0,0.0,0.0,0.0,0.0,0.0,0.0,0.0,0.0,0.0,0.0,0.0,0.0,0.00031601550290361047,0.0010144282132387161,0.0008602813468314707,0.06946484744548798,0.0,0.0,0.0,0.0,0.0,0.0009167619282379746,0.0,0.020353402942419052,0.0029623459558933973,0.0,0.0,0.0021278581116348505,0.0,0.0,0.0,0.0,0.0,0.0,0.0,0.0,0.0,0.0,0.0,0.0,0.0,0.0,0.0,0.0,0.0003563750069588423,2.144367499568034e-05,0.0,0.0583372637629509,0.0,0.0,0.0,0.0008280877955257893,0.0,0.0,0.0,0.0017804410308599472,0.0,0.003519865684211254,0.004039456136524677,0.0,0.0,0.006056144367903471,0.0,0.0,0.0,0.0,0.0,0.0,0.0,0.0,0.0,0.0,0.0,0.0,0.0,0.0,0.4137595834708918
PLF_561_00009585,0.0,0.0,0.0034762707073241472,0.0016287676990032196,0.0,0.0,0.0,0.0,0.0,0.0,0.0,0.0,0.0,0.0,0.0,0.0,0.0,0.0,0.0,0.0,0.0,0.0,0.0,0.06839773058891296,0.0,0.0,0.0,0.0,0.0,0.001898201764561236,0.0,0.0,0.0,0.0,0.0,0.0012431134236976504,0.0038331574760377407,0.0006236116169020534,0.0,0.0,0.0,0.0,0.0,0.0,0.0,0.0,0.0,0.0,0.0,0.0,0.0,0.0,0.0,0.0,0.0,0.057064153254032135,0.0009364012512378395,0.0,0.0,0.0,0.0,0.0,0.0,0.0,0.0,0.0,0.002309077652171254,0.0010707981418818235,0.0,0.0,0.0,0.0,0.0,0.0,0.0,0.0,0.0,0.0,0.0,0.0,0.0,0.0,0.0,0.0,0.0,0.0,0.0,0.08009934425354004,0.0,0.0,0.0,0.0,0.0,0.0,0.0,0.008218711242079735,0.00028589912108145654,0.0,0.0004062822845298797,0.005488244350999594,0.0,0.0,0.0020953912753611803,0.0,0.0,0.0,0.0,0.0,0.010824735276401043,0.004081017337739468,0.0,0.0,0.0,0.0,0.0,0.0,0.0,0.0,0.0,0.06827494502067566,0.0,0.0,0.0,0.0,0.0,0.010652514174580574,0.0,0.0,0.0,0.0,0.0054466906003654,0.003727072849869728,0.0,0.002301562810316682,0.0,0.0,0.0,0.0,0.0,0.0,0.0,0.0,0.0,0.0,0.0,0.0,0.0,0.0,0.0,0.0,0.0,0.06630213558673859,0.0,0.0,0.0,0.0,0.0,0.0,0.0,0.0,0.4106858297600411
PLF_561_00019128,0.0,0.00036718460614793,0.009978524409234524,4.997619180358015e-05,0.0,0.0,0.0,0.0,0.0,0.0,0.0,0.0,0.0037152462173253298,0.0,0.06085490807890892,0.0,0.0,0.0,0.0,0.0,0.0,0.0,0.0,0.0,0.0,0.0,0.0,0.0,0.0,0.0,0.0,0.0,0.0,0.0,0.0,0.0,0.0,0.0,0.0,0.0,0.0,0.0,0.0,0.002532435115426779,0.0,0.0,0.07417668402194977,0.0,0.0,0.0,0.0,0.0,0.0,0.0,0.0,0.0,0.0,0.0,0.0,0.0,0.0,0.0,0.0,0.0,0.0,0.0,0.0,0.005615450907498598,0.0,0.0,0.0,0.0,0.0,0.0,0.0,0.0,0.0,0.0,0.12267127633094788,0.0,0.0,0.0,0.010491954162716866,0.0,0.0,0.0,0.0,0.0,0.0,0.0,0.0,0.0,0.0,0.0,0.0,0.0,0.0,0.0011941392440348864,0.0,0.0,0.0,0.0,0.0,0.0,0.0,0.0,0.0,0.0,0.0,0.0,0.0,0.0,0.0,0.0,0.0,0.0,0.0,0.0,0.0,0.0,0.0,0.0,0.0,0.0,0.0,0.0,0.0,0.0,0.00016236786905210465,0.0,0.0,0.00501086562871933,0.0,0.0,0.0,0.0,0.0,0.0,0.0,0.0,0.0,0.0,0.10004086047410965,0.0,0.0,0.0,0.0,0.0,0.0,0.0,0.0,0.0,0.0,0.0,0.0,0.0,0.0,0.0,0.0,0.0,0.39686187325787614
PLF_561_00006091,0.0004942733212374151,0.00019386320491321385,0.0006954589625820518,0.000996352406218648,0.00026523953420110047,0.0,0.0017127328319475055,0.0,0.0,0.0027915718965232372,0.0,0.0,0.0,0.0,0.0,0.0,0.0,0.0,0.0,0.0,0.0,0.0617576502263546,0.0,0.0030951471999287605,0.0,0.0029416638426482677,0.0,0.004505140241235495,0.0,0.0,0.00840094592422247,0.0,0.0002654942509252578,0.0011926662409678102,6.163159559946507e-05,0.0010034700389951468,0.00015727982099633664,0.0,0.001757552265189588,0.0,0.0,0.0,0.0,0.0005296463496051729,0.00013606275024358183,0.0019150954904034734,0.0,0.0,0.0,0.0,0.0,0.0,0.0017391832079738379,0.02805926837027073,2.607545320643112e-05,0.0,0.012554622255265713,0.0,0.0,0.009075747802853584,0.009728273376822472,0.005287765525281429,0.0,0.0,0.0002431515749776736,0.00014023450785316527,0.0011961358832195401,0.00038713592221029103,0.0,0.0,0.0,0.0005824138061143458,0.0,0.0,0.0,0.008101260289549828,0.0006178321200422943,0.0,0.0,0.004112031776458025,0.0,0.0,0.0,0.0,0.0,0.04201727360486984,0.0,0.002483937656506896,0.00012496821000240743,0.0,0.0,0.0,0.000815917388536036,0.0,0.0,0.0,0.0004963609972037375,0.0009458113927394152,0.0012797972885891795,0.0,0.0005632673273794353,0.0,0.0015861737774685025,0.0,0.0,0.0,0.0,0.0,0.0,0.0017149016493931413,0.0,0.0,0.0008647884824313223,0.0,0.0,0.0,0.0,0.045181334018707275,0.0,0.0,0.0,0.002891514217481017,0.0,0.033731572329998016,0.0,0.0,0.0,0.004365469794720411,0.00035156987723894417,0.0004406399966683239,0.0005825785337947309,0.00029156761593185365,0.0,0.0032474978361278772,0.0003706084389705211,0.0,0.0,0.0,0.0001762062165653333,0.0009705935954116285,0.0,0.0,0.000692001252900809,0.0,0.00047407764941453934,0.0005331245483830571,0.0,0.0,0.004062030464410782,0.05005000904202461,0.0,0.0,0.01053688395768404,0.0,0.0,0.0,0.0,0.0,0.0,0.0,0.38856254742859164
piperacillin_tazobactam,,,,,,,,0.003504951950162649,0.0,0.01680082269012928,0.0013553109019994736,0.009802022948861122,1.0650486728991382e-05,0.007701961789280176,0.0,0.0,0.007559043820947409,0.008725114166736603,0.013714038766920567,0.0,0.0,0.0,0.0,0.0,0.005902870558202267,0.0,0.0,0.0,0.0,0.0,0.0,0.0,,,,,,,,0.0021254855673760176,0.0,0.02095307596027851,0.0,0.0016542100347578526,0.034366730600595474,0.0015625706873834133,0.0,0.0,0.0,0.0043123941868543625,0.015194812789559364,0.0,0.0,0.0,0.0005060674739070237,0.0,0.00523311085999012,0.0,0.0,0.0,0.0,0.0,0.0,0.0,,,,,,,,0.0024529825896024704,0.0,0.015078195370733738,0.0004476365866139531,0.008488811552524567,0.0017684560734778643,0.00328093976713717,0.0,0.0,0.0,0.006740119773894548,0.015470577403903008,0.0,0.0,0.0,0.0,0.0,0.01339342538267374,0.0,0.0,0.0,0.0,0.0,0.0,0.0,,,,,,,,0.0033555347472429276,0.0,0.01783609949052334,0.0,0.017288101837038994,0.0,0.007832428440451622,0.0,0.0014704680070281029,0.006235633511096239,0.01160825602710247,0.014680513180792332,0.0,0.0,0.00047638744581490755,0.0,0.013313774019479752,0.0021102936007082462,0.0,0.0,0.0,0.0,0.0,0.0,0.0,,,,,,,,0.002111857058480382,0.0,0.014755393378436565,0.0004880600899923593,0.0011751804267987609,0.013999593444168568,0.001985246082767844,0.0,0.0,0.0,0.004721260629594326,0.012010481208562851,0.0,0.0,0.0,0.0,0.0,0.0031232202891260386,0.0,0.0,0.0,0.0,0.0,0.0,0.0,0.37868417365643836
aztreonam,,,,,,,,,,,,,,,,,,,,,0.0029037687927484512,0.0,0.0,0.0,0.0,0.0,0.0,0.0,0.0,0.041565801948308945,0.0,0.0,,,,,,,,,,,,,,,,,,,,,0.03567252680659294,0.002183852717280388,0.0,0.0,0.0,0.0005890924367122352,0.0,0.0,0.0,0.0,0.0,0.09781918674707413,,,,,,,,,,,,,,,,,,,,,,0.0,0.0,0.004430303815752268,0.0,0.0,0.0,0.0,0.0,0.0,0.0,0.02232252061367035,,,,,,,,,,,,,,,,,,,,,0.016580229625105858,0.0021378996316343546,0.0,0.0,0.0,0.0,0.0,0.0,0.0,0.045459456741809845,0.0,0.0,,,,,,,,,,,,,,,,,,,,,0.010876244865357876,0.0,0.0,0.0,0.0,0.0,0.0,0.0,0.0,0.0,0.0,0.07693248242139816,0.3594733671634458
PLF_561_00005851,0.0,0.0,0.0,0.0,0.0,0.0,0.0,0.0,0.0,0.0,0.0,0.011394960805773735,0.0,0.0,0.0,0.0,0.0,0.0,0.0,0.0,0.0,0.0,0.0,0.0,0.0,0.0,0.0,0.0,0.0,0.0,0.0,0.0,0.0,0.0,0.0025556781329214573,0.0,0.0,0.0,0.0,0.0,0.0,0.0,0.0,0.0,0.0,0.0,0.0,0.0,0.0,0.0,0.0,0.0,0.0,0.0,0.004087126813828945,0.0,0.0,0.0,0.0,0.0,0.0,0.0,0.0,0.0,0.0,0.0,0.0,0.0,0.0,0.0019543790258467197,0.0003216465120203793,0.0,0.09229924529790878,0.00875492487102747,0.0,0.0,0.0,0.0,0.0,0.0,0.0,0.0,0.0,0.0,0.0,0.0,0.0008442985126748681,0.0,0.0,0.0,0.0,0.0,0.0,0.0,0.0,0.0,0.0,0.0,0.0,0.0,0.0,0.0,1.669668563408777e-05,0.0,0.12431582063436508,0.0070543549954891205,0.0,0.0,0.0,0.0,0.0,0.0,0.0,0.0,0.0,0.0,0.0,0.0,0.0,0.0,0.0,0.0,0.0,0.0,0.0,0.0,0.0,0.0,0.0,0.0,0.0,0.0,0.0,0.002908066613599658,0.00021849667245987803,0.0,0.09069027006626129,0.007769959047436714,0.0,0.0,0.0,0.0,0.0,0.0,0.0,0.0,0.0,0.0,0.0,0.0,0.0,0.0,0.0,0.0,0.0,0.0,0.0,0.0,0.0,0.0,0.3551859246872482
amoxicillin_clavulanic_acid,,0.002794247353449464,0.0015738133806735277,0.00015805383736733347,0.009224794805049896,0.0,0.014475449919700623,0.00290891551412642,0.0,0.0,0.005758116487413645,0.0,0.00112973025534302,0.0014142018044367433,0.0,0.0,0.005774130113422871,0.005419151857495308,0.0,0.0,0.0,0.0,0.0,0.0005367211997509003,0.0,0.0,0.011014794930815697,0.0,0.0,0.010480972938239574,0.0,0.0027174714487046003,,0.023286091163754463,0.001213833224028349,0.00027540355222299695,0.000773427018430084,0.0,0.010677801445126534,0.0022618169896304607,0.0,0.0,0.008712226524949074,0.002739091869443655,0.0,0.005728000309318304,0.0,0.0012921177549287677,0.009839074686169624,0.002257393905892968,0.0,0.000333707983372733,0.0,0.0,0.0045109097845852375,0.0,0.0,0.0,0.003935739863663912,0.00045084411976858974,0.0,0.0,0.0,0.004997896961867809,,0.0026562833227217197,0.0006084527703933418,0.0009577020537108183,0.017367631196975708,0.0005671342369168997,0.01415046863257885,0.0017120129195973277,0.0,0.0,0.005592331290245056,0.0,0.0006720623932778835,0.0014007529243826866,0.0,0.0008726107771508396,0.0049173589795827866,0.002227100310847163,0.0,0.0,0.0,0.0,0.0,0.0,0.00044168741442263126,0.0,0.002337732585147023,0.0012328237062320113,0.0001181159314000979,0.0,0.0,0.005641650408506393,,0.003224755637347698,0.0004172405751887709,0.0011086632730439305,0.009105340577661991,0.0,0.012752274982631207,0.002021972555667162,0.0,0.0,0.0059721567668020725,0.0,0.002360739978030324,0.0018549009691923857,0.0,0.0,0.006404890678822994,0.0022952675353735685,0.0,0.0,0.0005625525955110788,0.0,0.0,0.0017487675650045276,0.00040932229603640735,0.0,0.0,0.0,0.0,0.006268499419093132,0.0,0.0,,0.002700050361454487,0.0004781889438163489,0.0009459835127927363,0.009895785711705685,0.000435840425780043,0.014996414072811604,0.002669424284249544,0.0,0.0,0.005875275935977697,0.0026159887202084064,0.0,0.0,0.0,0.00017194671090692282,0.007993152365088463,0.002193456282839179,0.0,0.0,0.0,0.0,0.0,0.0011687647784128785,0.015922782942652702,0.0,0.0024923195596784353,0.0,0.003311902517452836,0.0,0.0,0.001937566907145083,0.3544520442956127
PLF_561_00006395,0.0,0.0007277150289155543,0.0,0.0,0.0,0.0,0.0,0.0,0.0,0.0,0.0,0.0,0.0,0.0,0.0,0.0,0.0,0.0,0.0,0.0,0.0,0.0,0.006321711465716362,0.0,0.0,0.0,0.0,0.0,0.0,0.0,0.0,0.0,0.0,0.004290509503334761,0.0,0.0,0.0,0.0,0.00029150990303605795,0.0,0.0,0.0,0.0,0.0,0.0,0.0,0.0,0.0,0.0,0.0,0.0,0.0,0.0,0.0,0.0,0.0,0.0,0.0,0.0,0.0,0.0,0.0,0.0,0.0,0.0,0.0,0.0,0.0,0.0,0.0010849598329514265,0.00023624577443115413,0.0,0.08342835307121277,0.0,0.0,0.0027479578275233507,0.0,0.0,0.0,0.0,0.0,0.0,0.0,0.0,0.0,0.0,0.0,0.0,0.0,0.0,0.0,0.0,0.0,0.0,0.0,0.0,0.0,0.0,0.0,0.0,0.0,0.0,0.0,0.0,0.14738869667053223,0.0,0.0,0.0,0.0,0.0,0.0,0.0,0.0,0.0,0.0,0.0,0.0,0.0,0.004697214812040329,0.0,0.0,0.0,0.0,0.0,0.0,0.0,0.0,0.0,0.0,0.0,0.0,0.0,0.0,0.0012562599731609225,0.0,0.0,0.08129706233739853,0.010357717983424664,0.0,0.0,0.0,7.801427273079753e-05,0.0,0.0,0.0,0.0,0.0,0.0,0.0,0.0,0.006672804243862629,0.0,0.0,0.0,0.0,0.0,0.0,0.0,0.0,0.0,0.35087673270027153
PLF_561_00175318,0.007294327020645142,0.003138291882351041,0.0,0.0,0.0012868500780314207,0.0,0.00011072118650190532,0.0,0.0,0.0017118644900619984,0.0,0.008788365870714188,0.061186447739601135,0.0,0.0,0.0,0.0,0.0,0.0,0.0,0.0,0.0,0.0,0.0,0.0,0.0,0.0,0.0,0.0,0.0,0.0,0.0,0.0066923536360263824,0.0,0.00024609340471215546,0.0,0.0,0.0,0.0005121598369441926,0.0,0.0,0.0,0.0,0.036233022809028625,0.009398011490702629,0.0,0.0,0.0,0.0,0.0,0.0,0.0,0.0,0.0,0.0,0.0,0.0,0.0,0.0,0.0,0.0,0.0,0.0,0.0,0.0,0.0,0.0002820728113874793,0.0,0.0,0.0,0.0,0.0,0.0,0.0,0.0,0.0073392391204833984,0.0495484434068203,0.0,0.0,0.0,0.0,0.0,0.0,0.0,0.0,0.0,0.0,0.0,0.0,0.0,0.0,0.0,0.0,0.0,0.0,0.0,0.008013740181922913,0.0031121631618589163,0.0008422377286478877,0.0,0.0,0.0,0.0007911249413155019,0.0015033335657790303,0.0,0.0,0.0,0.0,0.0569181926548481,0.0,0.0,0.0,0.0,0.0,0.0,0.0,0.0,0.0,0.0,0.0,0.0,0.0,0.0,0.0,0.0,0.0,0.0,0.0,0.007777111139148474,0.002184186829254031,0.0012053500395268202,0.0,0.0,0.0,0.0,0.0,0.0,0.0007193833589553833,0.0,0.03672460466623306,0.011809740215539932,0.0,0.003344816155731678,0.0,0.0,0.0,0.0,0.0,0.0,0.0,0.0,0.0,0.0,0.0,0.0,0.0,0.0,0.0,0.0,0.0,0.3287142494227737
PLF_561_00013716,0.000676087976898998,0.012090432457625866,0.0006763192359358072,0.00828465074300766,0.00705622136592865,0.007299008313566446,0.00034055058495141566,0.0,0.0,0.0,0.0,0.0,0.0,0.00104517862200737,0.009929663501679897,0.0012776097282767296,0.0,0.0,0.006462843623012304,0.0,0.014967483468353748,0.0,0.002541700843721628,0.0,0.0,0.014183266088366508,0.0,0.0,0.0,0.0,0.0,0.0,0.0008468666346743703,0.007639256771653891,0.011451130732893944,0.004596698563545942,0.001218662946484983,0.0,0.0,0.001271480810828507,0.0,0.0,0.0,0.0,0.00011077654926339164,0.000986106344498694,0.0067622242495417595,0.0,0.0,0.002479128772392869,0.0119786337018013,0.0,0.00582923972979188,0.0,0.0,0.00038667500484734774,0.0,0.0,0.0,0.0,0.0,0.0,0.0,0.0,0.00031127152033150196,0.013799921609461308,0.004305182956159115,0.0005557597614824772,0.0078054917976260185,0.005943771917372942,0.0,0.0029988002497702837,0.0,0.0,0.0,0.0,0.0,0.0006789382314309478,0.006486236583441496,0.0,0.0,0.0016314180102199316,0.005557012744247913,0.004868543241173029,0.0,0.0,0.0009035430266521871,0.0,0.0,0.0,0.0,0.0,0.0,0.0,0.0,0.0,0.0017155974637717009,0.0132222855463624,0.0023108571767807007,0.0001233808434335515,0.005171478260308504,0.008124949410557747,0.0,0.0028410456143319607,0.0,0.0,0.0,0.0,0.0036275277379900217,0.0013317684642970562,0.00016045178927015513,0.005355806089937687,0.001956428401172161,0.0012893746607005596,0.0,0.0,0.011824656277894974,0.0,0.0,0.0,0.0,0.005292054731398821,0.0,0.0,0.0,0.0,0.0,0.0,0.0007108946447260678,0.011609221808612347,0.002697834512218833,0.0003439356805756688,0.004840431269258261,0.00560331903398037,0.0,0.0018315088236704469,0.0,0.0,0.0,0.0,0.0,0.002441317541524768,0.009816222824156284,0.0005296889576129615,0.0,0.002379448851570487,0.0,0.0,0.013827224262058735,0.0,0.0,0.0,0.0,0.0,0.0,0.0,0.0,0.0,0.0,0.0,0.3192124996930943
tobramycin,,,,,,,,,,,,,,0.003466883907094598,0.019691817462444305,0.0028128570411354303,0.0006649691495113075,0.001638227142393589,0.0,0.00397693645209074,0.0,0.0025437278673052788,0.0017223460599780083,0.0,0.0,0.0,0.0,0.0,0.0,0.002561134984716773,0.0,0.017261935397982597,,,,,,,,,,,,,0.007198050152510405,0.008047268725931644,0.013210511766374111,0.0008797191549092531,0.0019522542133927345,0.0012798890238627791,0.0,0.0029492799658328295,0.003916293382644653,0.0015100635355338454,0.0017689213855192065,0.0,0.0,0.0,0.0,0.0,0.0,0.0,0.0,0.013043439947068691,,,,,,,,,,,,,,0.006814497988671064,0.024283993989229202,0.001119982567615807,0.0022315210662782192,0.0,0.015965573489665985,0.005668450612574816,0.0,0.0017499882960692048,0.0004636997473426163,0.0071371751837432384,0.0,0.0,0.0,0.0,0.0,0.0,0.0,0.017632894217967987,,,,,,,,,,,,,,0.00500323623418808,0.0012797733070328832,0.021262550726532936,0.0030228490941226482,0.0,0.002672741888090968,0.003583719488233328,0.010133263655006886,0.001809215173125267,0.001971019199118018,0.003246657084673643,0.0,0.0,0.0,0.0,0.0,0.0030789051670581102,0.0,0.0,,,,,,,,,,,,,0.007406486663967371,0.0016969115240499377,0.020070411264896393,0.0004781968891620636,0.0033921634312719107,0.0,0.0,0.0,0.003036848269402981,0.0025291030760854483,0.0010311957448720932,0.0,0.0,0.0,0.0,0.0,0.0,0.013616187497973442,0.0,0.0,0.30548573925625533
